total questions,correct questions,Performance,Job Profile Name,correctness
5,1,Very Poor,Full Stack Developer,20
1,5,can't predict,Full Stack Developer,500
9,3,Poor,Full Stack Developer,33.33
5,6,can't predict,Full Stack Developer,120
8,5,Above Average,Database Administrator,62.5
8,10,can't predict,Full Stack Developer,125
3,9,can't predict,Artificial Intelligence (AI) Engineer,300
8,10,can't predict,Cybersecurity Analyst,125
1,0,Needs Improvement,Data Analyst,0
3,7,can't predict,Database Administrator,233.33
4,4,Excellent,Data Analyst,100
7,8,can't predict,Database Administrator,114.29
3,1,Poor,Full Stack Developer,33.33
9,7,Good,Artificial Intelligence (AI) Engineer,77.78
4,3,Good,Full Stack Developer,75
5,2,Below Average,Database Administrator,40
5,3,Above Average,Full Stack Developer,60
1,6,can't predict,Data Analyst,600
4,5,can't predict,Data Analyst,125
6,9,can't predict,Artificial Intelligence (AI) Engineer,150
7,3,Below Average,Data Analyst,42.86
9,1,Extremely Poor,Data Analyst,11.11
5,4,Very Good,Full Stack Developer,80
1,4,can't predict,Data Analyst,400
4,2,Average,Data Analyst,50
4,5,can't predict,Data Analyst,125
9,0,Needs Improvement,Artificial Intelligence (AI) Engineer,0
7,6,Very Good,Database Administrator,85.71
1,0,Needs Improvement,Data Analyst,0
8,3,Poor,Artificial Intelligence (AI) Engineer,37.5
7,8,can't predict,Artificial Intelligence (AI) Engineer,114.29
1,10,can't predict,Database Administrator,1000
2,1,Average,Full Stack Developer,50
1,3,can't predict,Data Analyst,300
10,0,Needs Improvement,Cybersecurity Analyst,0
2,10,can't predict,Full Stack Developer,500
7,8,can't predict,Cybersecurity Analyst,114.29
7,0,Needs Improvement,Data Analyst,0
10,1,Extremely Poor,Database Administrator,10
10,10,Excellent,Full Stack Developer,100
9,3,Poor,Data Analyst,33.33
7,9,can't predict,Cybersecurity Analyst,128.57
8,7,Very Good,Database Administrator,87.5
5,7,can't predict,Artificial Intelligence (AI) Engineer,140
1,7,can't predict,Data Analyst,700
9,2,Very Poor,Database Administrator,22.22
6,2,Poor,Data Analyst,33.33
7,5,Good,Full Stack Developer,71.43
7,1,Extremely Poor,Full Stack Developer,14.29
5,5,Excellent,Full Stack Developer,100
10,3,Poor,Cybersecurity Analyst,30
4,2,Average,Full Stack Developer,50
7,4,Average,Full Stack Developer,57.14
3,2,Above Average,Database Administrator,66.67
8,7,Very Good,Artificial Intelligence (AI) Engineer,87.5
3,3,Excellent,Data Analyst,100
8,6,Good,Data Analyst,75
3,7,can't predict,Data Analyst,233.33
4,10,can't predict,Cybersecurity Analyst,250
4,0,Needs Improvement,Full Stack Developer,0
3,6,can't predict,Cybersecurity Analyst,200
4,8,can't predict,Data Analyst,200
6,3,Average,Artificial Intelligence (AI) Engineer,50
10,8,Very Good,Full Stack Developer,80
8,2,Very Poor,Cybersecurity Analyst,25
5,7,can't predict,Data Analyst,140
6,9,can't predict,Full Stack Developer,150
5,0,Needs Improvement,Data Analyst,0
4,9,can't predict,Data Analyst,225
4,9,can't predict,Artificial Intelligence (AI) Engineer,225
3,6,can't predict,Full Stack Developer,200
8,4,Average,Data Analyst,50
10,0,Needs Improvement,Data Analyst,0
7,10,can't predict,Database Administrator,142.86
9,8,Very Good,Data Analyst,88.89
6,1,Extremely Poor,Data Analyst,16.67
9,1,Extremely Poor,Data Analyst,11.11
6,4,Above Average,Full Stack Developer,66.67
10,7,Good,Database Administrator,70
7,4,Average,Data Analyst,57.14
1,7,can't predict,Data Analyst,700
5,6,can't predict,Full Stack Developer,120
6,4,Above Average,Cybersecurity Analyst,66.67
2,10,can't predict,Artificial Intelligence (AI) Engineer,500
6,5,Very Good,Artificial Intelligence (AI) Engineer,83.33
7,2,Very Poor,Artificial Intelligence (AI) Engineer,28.57
1,3,can't predict,Database Administrator,300
8,2,Very Poor,Full Stack Developer,25
7,0,Needs Improvement,Cybersecurity Analyst,0
10,3,Poor,Database Administrator,30
6,3,Average,Artificial Intelligence (AI) Engineer,50
9,3,Poor,Data Analyst,33.33
10,5,Average,Data Analyst,50
8,10,can't predict,Artificial Intelligence (AI) Engineer,125
9,7,Good,Full Stack Developer,77.78
8,10,can't predict,Artificial Intelligence (AI) Engineer,125
9,2,Very Poor,Full Stack Developer,22.22
1,2,can't predict,Artificial Intelligence (AI) Engineer,200
7,10,can't predict,Full Stack Developer,142.86
5,0,Needs Improvement,Database Administrator,0
2,1,Average,Full Stack Developer,50
1,0,Needs Improvement,Full Stack Developer,0
6,3,Average,Data Analyst,50
5,0,Needs Improvement,Full Stack Developer,0
5,8,can't predict,Database Administrator,160
10,6,Above Average,Data Analyst,60
8,2,Very Poor,Full Stack Developer,25
8,8,Excellent,Full Stack Developer,100
9,8,Very Good,Database Administrator,88.89
1,5,can't predict,Data Analyst,500
1,8,can't predict,Full Stack Developer,800
8,7,Very Good,Database Administrator,87.5
7,4,Average,Database Administrator,57.14
10,6,Above Average,Artificial Intelligence (AI) Engineer,60
9,3,Poor,Full Stack Developer,33.33
4,10,can't predict,Full Stack Developer,250
6,9,can't predict,Artificial Intelligence (AI) Engineer,150
5,9,can't predict,Data Analyst,180
10,5,Average,Data Analyst,50
5,8,can't predict,Cybersecurity Analyst,160
1,0,Needs Improvement,Data Analyst,0
3,4,can't predict,Database Administrator,133.33
7,7,Excellent,Artificial Intelligence (AI) Engineer,100
7,3,Below Average,Cybersecurity Analyst,42.86
6,8,can't predict,Artificial Intelligence (AI) Engineer,133.33
3,0,Needs Improvement,Database Administrator,0
2,4,can't predict,Database Administrator,200
9,3,Poor,Artificial Intelligence (AI) Engineer,33.33
6,3,Average,Database Administrator,50
7,6,Very Good,Full Stack Developer,85.71
9,0,Needs Improvement,Artificial Intelligence (AI) Engineer,0
4,7,can't predict,Full Stack Developer,175
8,0,Needs Improvement,Database Administrator,0
7,1,Extremely Poor,Database Administrator,14.29
10,7,Good,Data Analyst,70
8,1,Extremely Poor,Data Analyst,12.5
1,9,can't predict,Database Administrator,900
5,5,Excellent,Full Stack Developer,100
9,4,Below Average,Data Analyst,44.44
2,6,can't predict,Cybersecurity Analyst,300
10,8,Very Good,Data Analyst,80
2,10,can't predict,Full Stack Developer,500
3,2,Above Average,Full Stack Developer,66.67
6,2,Poor,Artificial Intelligence (AI) Engineer,33.33
3,0,Needs Improvement,Artificial Intelligence (AI) Engineer,0
8,3,Poor,Full Stack Developer,37.5
4,1,Very Poor,Artificial Intelligence (AI) Engineer,25
5,0,Needs Improvement,Cybersecurity Analyst,0
10,6,Above Average,Artificial Intelligence (AI) Engineer,60
4,1,Very Poor,Cybersecurity Analyst,25
3,6,can't predict,Database Administrator,200
10,0,Needs Improvement,Full Stack Developer,0
2,2,Excellent,Artificial Intelligence (AI) Engineer,100
10,10,Excellent,Cybersecurity Analyst,100
2,4,can't predict,Artificial Intelligence (AI) Engineer,200
7,7,Excellent,Artificial Intelligence (AI) Engineer,100
6,6,Excellent,Full Stack Developer,100
5,2,Below Average,Data Analyst,40
8,10,can't predict,Database Administrator,125
7,5,Good,Data Analyst,71.43
4,10,can't predict,Database Administrator,250
2,1,Average,Artificial Intelligence (AI) Engineer,50
9,7,Good,Cybersecurity Analyst,77.78
8,7,Very Good,Artificial Intelligence (AI) Engineer,87.5
9,5,Average,Database Administrator,55.56
4,4,Excellent,Data Analyst,100
10,4,Below Average,Artificial Intelligence (AI) Engineer,40
1,2,can't predict,Full Stack Developer,200
9,0,Needs Improvement,Database Administrator,0
1,3,can't predict,Database Administrator,300
9,6,Above Average,Artificial Intelligence (AI) Engineer,66.67
3,5,can't predict,Artificial Intelligence (AI) Engineer,166.67
1,3,can't predict,Database Administrator,300
8,2,Very Poor,Database Administrator,25
8,1,Extremely Poor,Database Administrator,12.5
7,1,Extremely Poor,Cybersecurity Analyst,14.29
7,5,Good,Artificial Intelligence (AI) Engineer,71.43
5,6,can't predict,Artificial Intelligence (AI) Engineer,120
7,7,Excellent,Artificial Intelligence (AI) Engineer,100
9,1,Extremely Poor,Full Stack Developer,11.11
9,5,Average,Database Administrator,55.56
5,9,can't predict,Full Stack Developer,180
5,6,can't predict,Artificial Intelligence (AI) Engineer,120
1,6,can't predict,Data Analyst,600
5,3,Above Average,Database Administrator,60
1,0,Needs Improvement,Full Stack Developer,0
2,5,can't predict,Artificial Intelligence (AI) Engineer,250
8,10,can't predict,Full Stack Developer,125
7,1,Extremely Poor,Data Analyst,14.29
1,2,can't predict,Database Administrator,200
3,7,can't predict,Artificial Intelligence (AI) Engineer,233.33
10,2,Very Poor,Data Analyst,20
1,2,can't predict,Database Administrator,200
7,1,Extremely Poor,Full Stack Developer,14.29
2,2,Excellent,Cybersecurity Analyst,100
6,10,can't predict,Artificial Intelligence (AI) Engineer,166.67
9,10,can't predict,Full Stack Developer,111.11
9,9,Excellent,Artificial Intelligence (AI) Engineer,100
2,3,can't predict,Artificial Intelligence (AI) Engineer,150
1,3,can't predict,Full Stack Developer,300
7,9,can't predict,Database Administrator,128.57
10,0,Needs Improvement,Artificial Intelligence (AI) Engineer,0
2,8,can't predict,Full Stack Developer,400
6,5,Very Good,Data Analyst,83.33
1,2,can't predict,Data Analyst,200
10,5,Average,Artificial Intelligence (AI) Engineer,50
9,7,Good,Database Administrator,77.78
3,7,can't predict,Artificial Intelligence (AI) Engineer,233.33
2,2,Excellent,Cybersecurity Analyst,100
8,6,Good,Full Stack Developer,75
1,7,can't predict,Artificial Intelligence (AI) Engineer,700
5,7,can't predict,Full Stack Developer,140
10,0,Needs Improvement,Data Analyst,0
6,0,Needs Improvement,Data Analyst,0
3,9,can't predict,Data Analyst,300
7,9,can't predict,Artificial Intelligence (AI) Engineer,128.57
8,6,Good,Artificial Intelligence (AI) Engineer,75
4,8,can't predict,Data Analyst,200
3,0,Needs Improvement,Database Administrator,0
1,7,can't predict,Database Administrator,700
7,8,can't predict,Artificial Intelligence (AI) Engineer,114.29
6,3,Average,Data Analyst,50
4,6,can't predict,Artificial Intelligence (AI) Engineer,150
9,8,Very Good,Database Administrator,88.89
10,3,Poor,Cybersecurity Analyst,30
4,3,Good,Data Analyst,75
9,8,Very Good,Data Analyst,88.89
2,6,can't predict,Full Stack Developer,300
5,6,can't predict,Database Administrator,120
2,0,Needs Improvement,Full Stack Developer,0
6,6,Excellent,Database Administrator,100
9,9,Excellent,Database Administrator,100
10,7,Good,Full Stack Developer,70
3,0,Needs Improvement,Full Stack Developer,0
7,6,Very Good,Data Analyst,85.71
7,4,Average,Full Stack Developer,57.14
5,5,Excellent,Data Analyst,100
8,0,Needs Improvement,Data Analyst,0
4,2,Average,Artificial Intelligence (AI) Engineer,50
1,4,can't predict,Data Analyst,400
10,3,Poor,Data Analyst,30
8,7,Very Good,Cybersecurity Analyst,87.5
2,4,can't predict,Database Administrator,200
8,8,Excellent,Data Analyst,100
10,5,Average,Database Administrator,50
10,0,Needs Improvement,Database Administrator,0
9,8,Very Good,Full Stack Developer,88.89
3,9,can't predict,Artificial Intelligence (AI) Engineer,300
7,6,Very Good,Data Analyst,85.71
7,1,Extremely Poor,Full Stack Developer,14.29
5,2,Below Average,Database Administrator,40
2,6,can't predict,Artificial Intelligence (AI) Engineer,300
8,6,Good,Artificial Intelligence (AI) Engineer,75
6,1,Extremely Poor,Data Analyst,16.67
10,1,Extremely Poor,Artificial Intelligence (AI) Engineer,10
3,8,can't predict,Data Analyst,266.67
2,9,can't predict,Cybersecurity Analyst,450
7,10,can't predict,Full Stack Developer,142.86
6,7,can't predict,Full Stack Developer,116.67
1,10,can't predict,Artificial Intelligence (AI) Engineer,1000
8,3,Poor,Artificial Intelligence (AI) Engineer,37.5
6,7,can't predict,Full Stack Developer,116.67
6,9,can't predict,Full Stack Developer,150
6,2,Poor,Artificial Intelligence (AI) Engineer,33.33
1,3,can't predict,Cybersecurity Analyst,300
5,1,Very Poor,Data Analyst,20
2,5,can't predict,Artificial Intelligence (AI) Engineer,250
1,6,can't predict,Full Stack Developer,600
6,8,can't predict,Cybersecurity Analyst,133.33
8,9,can't predict,Data Analyst,112.5
3,10,can't predict,Full Stack Developer,333.33
1,6,can't predict,Data Analyst,600
2,3,can't predict,Full Stack Developer,150
7,2,Very Poor,Cybersecurity Analyst,28.57
3,4,can't predict,Cybersecurity Analyst,133.33
3,7,can't predict,Cybersecurity Analyst,233.33
1,8,can't predict,Full Stack Developer,800
10,10,Excellent,Full Stack Developer,100
6,7,can't predict,Cybersecurity Analyst,116.67
9,7,Good,Full Stack Developer,77.78
7,8,can't predict,Artificial Intelligence (AI) Engineer,114.29
4,4,Excellent,Cybersecurity Analyst,100
9,0,Needs Improvement,Data Analyst,0
10,0,Needs Improvement,Database Administrator,0
6,3,Average,Database Administrator,50
6,8,can't predict,Full Stack Developer,133.33
7,4,Average,Artificial Intelligence (AI) Engineer,57.14
7,10,can't predict,Database Administrator,142.86
2,9,can't predict,Artificial Intelligence (AI) Engineer,450
4,6,can't predict,Data Analyst,150
7,2,Very Poor,Data Analyst,28.57
9,10,can't predict,Full Stack Developer,111.11
9,8,Very Good,Database Administrator,88.89
2,5,can't predict,Data Analyst,250
4,7,can't predict,Database Administrator,175
4,4,Excellent,Full Stack Developer,100
8,6,Good,Artificial Intelligence (AI) Engineer,75
1,10,can't predict,Full Stack Developer,1000
10,7,Good,Data Analyst,70
7,2,Very Poor,Full Stack Developer,28.57
1,1,Excellent,Data Analyst,100
10,10,Excellent,Artificial Intelligence (AI) Engineer,100
6,9,can't predict,Database Administrator,150
4,2,Average,Full Stack Developer,50
2,4,can't predict,Full Stack Developer,200
10,0,Needs Improvement,Data Analyst,0
2,6,can't predict,Data Analyst,300
4,4,Excellent,Data Analyst,100
1,9,can't predict,Full Stack Developer,900
9,3,Poor,Data Analyst,33.33
10,1,Extremely Poor,Full Stack Developer,10
1,4,can't predict,Cybersecurity Analyst,400
10,6,Above Average,Full Stack Developer,60
1,7,can't predict,Data Analyst,700
10,5,Average,Full Stack Developer,50
8,9,can't predict,Data Analyst,112.5
10,2,Very Poor,Cybersecurity Analyst,20
10,9,Excellent,Data Analyst,90
9,5,Average,Artificial Intelligence (AI) Engineer,55.56
9,1,Extremely Poor,Data Analyst,11.11
2,7,can't predict,Cybersecurity Analyst,350
10,4,Below Average,Artificial Intelligence (AI) Engineer,40
5,2,Below Average,Full Stack Developer,40
4,2,Average,Data Analyst,50
5,4,Very Good,Artificial Intelligence (AI) Engineer,80
4,8,can't predict,Data Analyst,200
10,0,Needs Improvement,Artificial Intelligence (AI) Engineer,0
7,1,Extremely Poor,Data Analyst,14.29
1,1,Excellent,Full Stack Developer,100
5,8,can't predict,Database Administrator,160
9,1,Extremely Poor,Cybersecurity Analyst,11.11
3,1,Poor,Artificial Intelligence (AI) Engineer,33.33
5,5,Excellent,Data Analyst,100
8,0,Needs Improvement,Artificial Intelligence (AI) Engineer,0
9,3,Poor,Data Analyst,33.33
1,8,can't predict,Database Administrator,800
7,4,Average,Data Analyst,57.14
3,1,Poor,Cybersecurity Analyst,33.33
9,0,Needs Improvement,Data Analyst,0
7,3,Below Average,Data Analyst,42.86
3,4,can't predict,Artificial Intelligence (AI) Engineer,133.33
1,4,can't predict,Data Analyst,400
4,4,Excellent,Data Analyst,100
4,4,Excellent,Artificial Intelligence (AI) Engineer,100
9,3,Poor,Artificial Intelligence (AI) Engineer,33.33
3,7,can't predict,Full Stack Developer,233.33
2,2,Excellent,Cybersecurity Analyst,100
3,2,Above Average,Full Stack Developer,66.67
8,1,Extremely Poor,Database Administrator,12.5
10,10,Excellent,Data Analyst,100
7,1,Extremely Poor,Artificial Intelligence (AI) Engineer,14.29
8,7,Very Good,Cybersecurity Analyst,87.5
6,3,Average,Data Analyst,50
3,10,can't predict,Cybersecurity Analyst,333.33
8,1,Extremely Poor,Data Analyst,12.5
4,9,can't predict,Full Stack Developer,225
2,4,can't predict,Database Administrator,200
2,8,can't predict,Full Stack Developer,400
1,3,can't predict,Artificial Intelligence (AI) Engineer,300
3,7,can't predict,Artificial Intelligence (AI) Engineer,233.33
10,6,Above Average,Data Analyst,60
1,0,Needs Improvement,Full Stack Developer,0
2,2,Excellent,Data Analyst,100
3,1,Poor,Full Stack Developer,33.33
6,3,Average,Full Stack Developer,50
3,7,can't predict,Data Analyst,233.33
9,10,can't predict,Cybersecurity Analyst,111.11
10,1,Extremely Poor,Data Analyst,10
2,6,can't predict,Data Analyst,300
10,6,Above Average,Data Analyst,60
10,8,Very Good,Full Stack Developer,80
7,5,Good,Full Stack Developer,71.43
3,10,can't predict,Full Stack Developer,333.33
4,8,can't predict,Data Analyst,200
5,3,Above Average,Data Analyst,60
3,1,Poor,Cybersecurity Analyst,33.33
7,10,can't predict,Data Analyst,142.86
10,3,Poor,Artificial Intelligence (AI) Engineer,30
2,3,can't predict,Cybersecurity Analyst,150
2,0,Needs Improvement,Full Stack Developer,0
9,6,Above Average,Data Analyst,66.67
2,2,Excellent,Data Analyst,100
6,7,can't predict,Data Analyst,116.67
5,5,Excellent,Data Analyst,100
2,5,can't predict,Artificial Intelligence (AI) Engineer,250
2,7,can't predict,Full Stack Developer,350
3,5,can't predict,Database Administrator,166.67
9,6,Above Average,Full Stack Developer,66.67
1,5,can't predict,Data Analyst,500
2,3,can't predict,Data Analyst,150
4,9,can't predict,Database Administrator,225
3,2,Above Average,Data Analyst,66.67
9,6,Above Average,Cybersecurity Analyst,66.67
7,5,Good,Data Analyst,71.43
7,5,Good,Artificial Intelligence (AI) Engineer,71.43
8,4,Average,Data Analyst,50
10,9,Excellent,Full Stack Developer,90
5,8,can't predict,Database Administrator,160
9,7,Good,Artificial Intelligence (AI) Engineer,77.78
3,7,can't predict,Data Analyst,233.33
6,8,can't predict,Full Stack Developer,133.33
10,5,Average,Data Analyst,50
1,10,can't predict,Full Stack Developer,1000
1,7,can't predict,Data Analyst,700
10,0,Needs Improvement,Data Analyst,0
6,8,can't predict,Artificial Intelligence (AI) Engineer,133.33
9,7,Good,Database Administrator,77.78
3,3,Excellent,Artificial Intelligence (AI) Engineer,100
8,7,Very Good,Full Stack Developer,87.5
4,6,can't predict,Cybersecurity Analyst,150
7,1,Extremely Poor,Cybersecurity Analyst,14.29
3,1,Poor,Full Stack Developer,33.33
4,7,can't predict,Database Administrator,175
4,9,can't predict,Database Administrator,225
3,0,Needs Improvement,Data Analyst,0
6,4,Above Average,Artificial Intelligence (AI) Engineer,66.67
7,7,Excellent,Full Stack Developer,100
5,10,can't predict,Database Administrator,200
8,4,Average,Full Stack Developer,50
7,10,can't predict,Data Analyst,142.86
5,9,can't predict,Cybersecurity Analyst,180
5,4,Very Good,Data Analyst,80
3,2,Above Average,Data Analyst,66.67
6,1,Extremely Poor,Database Administrator,16.67
8,1,Extremely Poor,Artificial Intelligence (AI) Engineer,12.5
3,0,Needs Improvement,Data Analyst,0
10,4,Below Average,Database Administrator,40
4,8,can't predict,Artificial Intelligence (AI) Engineer,200
6,1,Extremely Poor,Data Analyst,16.67
4,5,can't predict,Cybersecurity Analyst,125
9,5,Average,Data Analyst,55.56
10,3,Poor,Data Analyst,30
5,6,can't predict,Data Analyst,120
5,1,Very Poor,Data Analyst,20
2,5,can't predict,Database Administrator,250
2,9,can't predict,Data Analyst,450
9,0,Needs Improvement,Data Analyst,0
5,1,Very Poor,Artificial Intelligence (AI) Engineer,20
10,10,Excellent,Data Analyst,100
3,0,Needs Improvement,Cybersecurity Analyst,0
8,5,Above Average,Database Administrator,62.5
5,7,can't predict,Data Analyst,140
4,0,Needs Improvement,Data Analyst,0
8,1,Extremely Poor,Data Analyst,12.5
3,7,can't predict,Database Administrator,233.33
6,9,can't predict,Data Analyst,150
10,9,Excellent,Full Stack Developer,90
6,3,Average,Full Stack Developer,50
10,7,Good,Artificial Intelligence (AI) Engineer,70
3,9,can't predict,Full Stack Developer,300
7,1,Extremely Poor,Cybersecurity Analyst,14.29
2,4,can't predict,Data Analyst,200
4,9,can't predict,Full Stack Developer,225
9,10,can't predict,Full Stack Developer,111.11
4,5,can't predict,Artificial Intelligence (AI) Engineer,125
8,1,Extremely Poor,Full Stack Developer,12.5
1,8,can't predict,Data Analyst,800
6,8,can't predict,Data Analyst,133.33
3,1,Poor,Full Stack Developer,33.33
3,1,Poor,Data Analyst,33.33
10,7,Good,Database Administrator,70
5,8,can't predict,Database Administrator,160
6,4,Above Average,Artificial Intelligence (AI) Engineer,66.67
8,2,Very Poor,Artificial Intelligence (AI) Engineer,25
8,10,can't predict,Cybersecurity Analyst,125
8,1,Extremely Poor,Cybersecurity Analyst,12.5
9,7,Good,Artificial Intelligence (AI) Engineer,77.78
2,7,can't predict,Data Analyst,350
9,0,Needs Improvement,Artificial Intelligence (AI) Engineer,0
7,0,Needs Improvement,Cybersecurity Analyst,0
7,2,Very Poor,Data Analyst,28.57
9,6,Above Average,Full Stack Developer,66.67
8,8,Excellent,Data Analyst,100
8,1,Extremely Poor,Artificial Intelligence (AI) Engineer,12.5
3,0,Needs Improvement,Cybersecurity Analyst,0
3,9,can't predict,Cybersecurity Analyst,300
7,6,Very Good,Data Analyst,85.71
1,10,can't predict,Full Stack Developer,1000
7,1,Extremely Poor,Full Stack Developer,14.29
8,1,Extremely Poor,Data Analyst,12.5
9,1,Extremely Poor,Artificial Intelligence (AI) Engineer,11.11
9,1,Extremely Poor,Artificial Intelligence (AI) Engineer,11.11
1,4,can't predict,Artificial Intelligence (AI) Engineer,400
2,2,Excellent,Data Analyst,100
2,2,Excellent,Cybersecurity Analyst,100
4,9,can't predict,Data Analyst,225
7,1,Extremely Poor,Database Administrator,14.29
1,0,Needs Improvement,Data Analyst,0
5,6,can't predict,Data Analyst,120
9,7,Good,Data Analyst,77.78
8,5,Above Average,Data Analyst,62.5
2,3,can't predict,Data Analyst,150
8,4,Average,Full Stack Developer,50
8,6,Good,Data Analyst,75
10,2,Very Poor,Full Stack Developer,20
8,3,Poor,Artificial Intelligence (AI) Engineer,37.5
8,5,Above Average,Artificial Intelligence (AI) Engineer,62.5
7,2,Very Poor,Data Analyst,28.57
1,10,can't predict,Artificial Intelligence (AI) Engineer,1000
3,2,Above Average,Full Stack Developer,66.67
2,10,can't predict,Database Administrator,500
9,4,Below Average,Full Stack Developer,44.44
1,1,Excellent,Data Analyst,100
3,8,can't predict,Cybersecurity Analyst,266.67
5,2,Below Average,Cybersecurity Analyst,40
5,7,can't predict,Cybersecurity Analyst,140
5,8,can't predict,Database Administrator,160
5,1,Very Poor,Cybersecurity Analyst,20
10,8,Very Good,Cybersecurity Analyst,80
1,7,can't predict,Cybersecurity Analyst,700
1,1,Excellent,Data Analyst,100
2,6,can't predict,Artificial Intelligence (AI) Engineer,300
6,7,can't predict,Data Analyst,116.67
2,2,Excellent,Database Administrator,100
5,6,can't predict,Cybersecurity Analyst,120
6,0,Needs Improvement,Cybersecurity Analyst,0
2,7,can't predict,Artificial Intelligence (AI) Engineer,350
2,9,can't predict,Data Analyst,450
10,8,Very Good,Full Stack Developer,80
9,2,Very Poor,Full Stack Developer,22.22
3,10,can't predict,Full Stack Developer,333.33
9,10,can't predict,Full Stack Developer,111.11
8,4,Average,Artificial Intelligence (AI) Engineer,50
7,1,Extremely Poor,Database Administrator,14.29
9,6,Above Average,Data Analyst,66.67
9,2,Very Poor,Full Stack Developer,22.22
2,9,can't predict,Full Stack Developer,450
2,7,can't predict,Data Analyst,350
7,3,Below Average,Full Stack Developer,42.86
4,3,Good,Data Analyst,75
4,7,can't predict,Cybersecurity Analyst,175
10,10,Excellent,Artificial Intelligence (AI) Engineer,100
3,10,can't predict,Full Stack Developer,333.33
7,2,Very Poor,Artificial Intelligence (AI) Engineer,28.57
3,7,can't predict,Data Analyst,233.33
4,0,Needs Improvement,Full Stack Developer,0
2,3,can't predict,Cybersecurity Analyst,150
1,0,Needs Improvement,Full Stack Developer,0
4,10,can't predict,Database Administrator,250
1,1,Excellent,Cybersecurity Analyst,100
7,7,Excellent,Cybersecurity Analyst,100
8,0,Needs Improvement,Data Analyst,0
4,5,can't predict,Artificial Intelligence (AI) Engineer,125
2,2,Excellent,Database Administrator,100
6,2,Poor,Data Analyst,33.33
4,1,Very Poor,Data Analyst,25
7,2,Very Poor,Data Analyst,28.57
9,9,Excellent,Full Stack Developer,100
3,5,can't predict,Cybersecurity Analyst,166.67
8,8,Excellent,Artificial Intelligence (AI) Engineer,100
8,3,Poor,Artificial Intelligence (AI) Engineer,37.5
5,5,Excellent,Artificial Intelligence (AI) Engineer,100
8,9,can't predict,Data Analyst,112.5
3,2,Above Average,Database Administrator,66.67
3,4,can't predict,Full Stack Developer,133.33
10,2,Very Poor,Data Analyst,20
5,2,Below Average,Data Analyst,40
2,1,Average,Full Stack Developer,50
6,4,Above Average,Full Stack Developer,66.67
8,2,Very Poor,Data Analyst,25
3,5,can't predict,Full Stack Developer,166.67
1,7,can't predict,Cybersecurity Analyst,700
9,9,Excellent,Data Analyst,100
7,5,Good,Database Administrator,71.43
4,8,can't predict,Cybersecurity Analyst,200
5,4,Very Good,Data Analyst,80
4,8,can't predict,Database Administrator,200
8,0,Needs Improvement,Artificial Intelligence (AI) Engineer,0
4,5,can't predict,Data Analyst,125
2,2,Excellent,Data Analyst,100
1,3,can't predict,Data Analyst,300
2,0,Needs Improvement,Full Stack Developer,0
1,8,can't predict,Cybersecurity Analyst,800
9,0,Needs Improvement,Data Analyst,0
6,10,can't predict,Full Stack Developer,166.67
3,6,can't predict,Data Analyst,200
3,10,can't predict,Data Analyst,333.33
4,0,Needs Improvement,Data Analyst,0
10,10,Excellent,Artificial Intelligence (AI) Engineer,100
1,6,can't predict,Data Analyst,600
6,3,Average,Artificial Intelligence (AI) Engineer,50
7,6,Very Good,Database Administrator,85.71
9,6,Above Average,Cybersecurity Analyst,66.67
10,8,Very Good,Database Administrator,80
9,7,Good,Full Stack Developer,77.78
6,7,can't predict,Database Administrator,116.67
2,2,Excellent,Artificial Intelligence (AI) Engineer,100
6,8,can't predict,Cybersecurity Analyst,133.33
4,3,Good,Artificial Intelligence (AI) Engineer,75
2,5,can't predict,Database Administrator,250
7,0,Needs Improvement,Cybersecurity Analyst,0
4,1,Very Poor,Cybersecurity Analyst,25
3,7,can't predict,Cybersecurity Analyst,233.33
5,2,Below Average,Database Administrator,40
4,8,can't predict,Full Stack Developer,200
2,6,can't predict,Cybersecurity Analyst,300
10,3,Poor,Data Analyst,30
7,2,Very Poor,Database Administrator,28.57
3,2,Above Average,Cybersecurity Analyst,66.67
10,5,Average,Cybersecurity Analyst,50
8,8,Excellent,Database Administrator,100
7,5,Good,Full Stack Developer,71.43
10,3,Poor,Full Stack Developer,30
7,6,Very Good,Artificial Intelligence (AI) Engineer,85.71
3,9,can't predict,Data Analyst,300
3,9,can't predict,Full Stack Developer,300
10,6,Above Average,Artificial Intelligence (AI) Engineer,60
9,2,Very Poor,Database Administrator,22.22
4,2,Average,Artificial Intelligence (AI) Engineer,50
4,2,Average,Full Stack Developer,50
1,0,Needs Improvement,Database Administrator,0
10,1,Extremely Poor,Cybersecurity Analyst,10
10,6,Above Average,Database Administrator,60
10,3,Poor,Data Analyst,30
3,10,can't predict,Full Stack Developer,333.33
5,1,Very Poor,Data Analyst,20
2,10,can't predict,Cybersecurity Analyst,500
5,5,Excellent,Cybersecurity Analyst,100
8,7,Very Good,Artificial Intelligence (AI) Engineer,87.5
7,0,Needs Improvement,Data Analyst,0
10,9,Excellent,Full Stack Developer,90
5,5,Excellent,Database Administrator,100
7,3,Below Average,Data Analyst,42.86
8,2,Very Poor,Data Analyst,25
5,3,Above Average,Data Analyst,60
8,2,Very Poor,Data Analyst,25
3,9,can't predict,Database Administrator,300
4,5,can't predict,Data Analyst,125
2,4,can't predict,Full Stack Developer,200
9,7,Good,Database Administrator,77.78
7,4,Average,Data Analyst,57.14
3,9,can't predict,Data Analyst,300
6,2,Poor,Full Stack Developer,33.33
7,10,can't predict,Artificial Intelligence (AI) Engineer,142.86
4,8,can't predict,Data Analyst,200
7,1,Extremely Poor,Data Analyst,14.29
1,0,Needs Improvement,Data Analyst,0
1,7,can't predict,Data Analyst,700
10,9,Excellent,Full Stack Developer,90
3,4,can't predict,Data Analyst,133.33
9,7,Good,Data Analyst,77.78
8,3,Poor,Cybersecurity Analyst,37.5
9,7,Good,Artificial Intelligence (AI) Engineer,77.78
8,4,Average,Full Stack Developer,50
7,9,can't predict,Cybersecurity Analyst,128.57
2,8,can't predict,Full Stack Developer,400
7,4,Average,Data Analyst,57.14
4,3,Good,Full Stack Developer,75
2,6,can't predict,Full Stack Developer,300
8,0,Needs Improvement,Data Analyst,0
4,2,Average,Database Administrator,50
4,3,Good,Full Stack Developer,75
3,5,can't predict,Database Administrator,166.67
4,7,can't predict,Artificial Intelligence (AI) Engineer,175
2,2,Excellent,Artificial Intelligence (AI) Engineer,100
3,5,can't predict,Database Administrator,166.67
7,0,Needs Improvement,Artificial Intelligence (AI) Engineer,0
2,9,can't predict,Data Analyst,450
8,2,Very Poor,Artificial Intelligence (AI) Engineer,25
5,10,can't predict,Data Analyst,200
7,10,can't predict,Database Administrator,142.86
5,5,Excellent,Artificial Intelligence (AI) Engineer,100
8,9,can't predict,Data Analyst,112.5
6,8,can't predict,Full Stack Developer,133.33
7,2,Very Poor,Database Administrator,28.57
7,9,can't predict,Artificial Intelligence (AI) Engineer,128.57
2,5,can't predict,Full Stack Developer,250
2,2,Excellent,Full Stack Developer,100
4,5,can't predict,Data Analyst,125
1,9,can't predict,Database Administrator,900
9,4,Below Average,Data Analyst,44.44
7,4,Average,Full Stack Developer,57.14
6,4,Above Average,Cybersecurity Analyst,66.67
2,10,can't predict,Artificial Intelligence (AI) Engineer,500
3,7,can't predict,Artificial Intelligence (AI) Engineer,233.33
5,0,Needs Improvement,Data Analyst,0
8,6,Good,Cybersecurity Analyst,75
6,9,can't predict,Artificial Intelligence (AI) Engineer,150
7,6,Very Good,Database Administrator,85.71
10,5,Average,Artificial Intelligence (AI) Engineer,50
5,1,Very Poor,Data Analyst,20
3,3,Excellent,Data Analyst,100
6,0,Needs Improvement,Artificial Intelligence (AI) Engineer,0
7,10,can't predict,Cybersecurity Analyst,142.86
7,7,Excellent,Artificial Intelligence (AI) Engineer,100
1,1,Excellent,Data Analyst,100
6,10,can't predict,Database Administrator,166.67
1,7,can't predict,Cybersecurity Analyst,700
5,0,Needs Improvement,Data Analyst,0
6,10,can't predict,Artificial Intelligence (AI) Engineer,166.67
10,2,Very Poor,Cybersecurity Analyst,20
1,5,can't predict,Database Administrator,500
7,7,Excellent,Full Stack Developer,100
1,6,can't predict,Data Analyst,600
3,1,Poor,Data Analyst,33.33
3,4,can't predict,Artificial Intelligence (AI) Engineer,133.33
10,0,Needs Improvement,Artificial Intelligence (AI) Engineer,0
9,0,Needs Improvement,Database Administrator,0
10,4,Below Average,Full Stack Developer,40
6,7,can't predict,Database Administrator,116.67
5,6,can't predict,Cybersecurity Analyst,120
8,4,Average,Full Stack Developer,50
9,1,Extremely Poor,Data Analyst,11.11
7,0,Needs Improvement,Artificial Intelligence (AI) Engineer,0
4,1,Very Poor,Data Analyst,25
5,8,can't predict,Cybersecurity Analyst,160
2,10,can't predict,Cybersecurity Analyst,500
2,10,can't predict,Cybersecurity Analyst,500
2,0,Needs Improvement,Artificial Intelligence (AI) Engineer,0
2,2,Excellent,Full Stack Developer,100
6,8,can't predict,Data Analyst,133.33
2,10,can't predict,Artificial Intelligence (AI) Engineer,500
6,2,Poor,Full Stack Developer,33.33
4,5,can't predict,Full Stack Developer,125
4,7,can't predict,Data Analyst,175
5,4,Very Good,Cybersecurity Analyst,80
3,3,Excellent,Artificial Intelligence (AI) Engineer,100
2,3,can't predict,Cybersecurity Analyst,150
6,5,Very Good,Data Analyst,83.33
8,3,Poor,Database Administrator,37.5
7,3,Below Average,Full Stack Developer,42.86
5,7,can't predict,Data Analyst,140
9,2,Very Poor,Full Stack Developer,22.22
6,4,Above Average,Artificial Intelligence (AI) Engineer,66.67
3,8,can't predict,Data Analyst,266.67
6,6,Excellent,Cybersecurity Analyst,100
8,4,Average,Cybersecurity Analyst,50
10,6,Above Average,Artificial Intelligence (AI) Engineer,60
9,6,Above Average,Full Stack Developer,66.67
3,6,can't predict,Full Stack Developer,200
6,7,can't predict,Database Administrator,116.67
5,8,can't predict,Database Administrator,160
8,2,Very Poor,Cybersecurity Analyst,25
7,7,Excellent,Data Analyst,100
7,5,Good,Data Analyst,71.43
8,7,Very Good,Full Stack Developer,87.5
9,7,Good,Database Administrator,77.78
2,5,can't predict,Data Analyst,250
10,4,Below Average,Data Analyst,40
10,8,Very Good,Artificial Intelligence (AI) Engineer,80
5,10,can't predict,Cybersecurity Analyst,200
10,10,Excellent,Data Analyst,100
2,0,Needs Improvement,Artificial Intelligence (AI) Engineer,0
5,7,can't predict,Database Administrator,140
7,4,Average,Artificial Intelligence (AI) Engineer,57.14
10,9,Excellent,Cybersecurity Analyst,90
7,10,can't predict,Data Analyst,142.86
1,10,can't predict,Database Administrator,1000
6,1,Extremely Poor,Full Stack Developer,16.67
10,2,Very Poor,Artificial Intelligence (AI) Engineer,20
4,8,can't predict,Artificial Intelligence (AI) Engineer,200
7,5,Good,Data Analyst,71.43
5,7,can't predict,Database Administrator,140
7,10,can't predict,Cybersecurity Analyst,142.86
8,6,Good,Data Analyst,75
5,2,Below Average,Full Stack Developer,40
1,1,Excellent,Data Analyst,100
9,9,Excellent,Data Analyst,100
2,7,can't predict,Data Analyst,350
8,5,Above Average,Cybersecurity Analyst,62.5
1,5,can't predict,Full Stack Developer,500
8,1,Extremely Poor,Full Stack Developer,12.5
5,2,Below Average,Full Stack Developer,40
2,4,can't predict,Full Stack Developer,200
4,6,can't predict,Artificial Intelligence (AI) Engineer,150
9,8,Very Good,Data Analyst,88.89
6,0,Needs Improvement,Data Analyst,0
8,8,Excellent,Artificial Intelligence (AI) Engineer,100
7,2,Very Poor,Data Analyst,28.57
4,5,can't predict,Full Stack Developer,125
4,8,can't predict,Data Analyst,200
4,4,Excellent,Database Administrator,100
9,9,Excellent,Data Analyst,100
9,8,Very Good,Full Stack Developer,88.89
8,3,Poor,Artificial Intelligence (AI) Engineer,37.5
6,6,Excellent,Full Stack Developer,100
1,3,can't predict,Cybersecurity Analyst,300
1,6,can't predict,Database Administrator,600
10,6,Above Average,Data Analyst,60
9,6,Above Average,Full Stack Developer,66.67
2,3,can't predict,Artificial Intelligence (AI) Engineer,150
2,8,can't predict,Data Analyst,400
3,6,can't predict,Cybersecurity Analyst,200
3,7,can't predict,Database Administrator,233.33
4,7,can't predict,Cybersecurity Analyst,175
1,6,can't predict,Artificial Intelligence (AI) Engineer,600
7,4,Average,Full Stack Developer,57.14
1,6,can't predict,Artificial Intelligence (AI) Engineer,600
8,9,can't predict,Database Administrator,112.5
4,9,can't predict,Cybersecurity Analyst,225
6,1,Extremely Poor,Full Stack Developer,16.67
5,9,can't predict,Database Administrator,180
3,10,can't predict,Data Analyst,333.33
1,8,can't predict,Full Stack Developer,800
10,6,Above Average,Database Administrator,60
7,6,Very Good,Full Stack Developer,85.71
9,3,Poor,Artificial Intelligence (AI) Engineer,33.33
2,5,can't predict,Data Analyst,250
7,7,Excellent,Artificial Intelligence (AI) Engineer,100
10,8,Very Good,Full Stack Developer,80
5,10,can't predict,Cybersecurity Analyst,200
2,8,can't predict,Cybersecurity Analyst,400
1,2,can't predict,Cybersecurity Analyst,200
10,5,Average,Artificial Intelligence (AI) Engineer,50
8,8,Excellent,Data Analyst,100
1,8,can't predict,Full Stack Developer,800
7,3,Below Average,Cybersecurity Analyst,42.86
2,10,can't predict,Full Stack Developer,500
3,5,can't predict,Database Administrator,166.67
4,4,Excellent,Full Stack Developer,100
3,3,Excellent,Data Analyst,100
10,6,Above Average,Data Analyst,60
8,10,can't predict,Data Analyst,125
3,3,Excellent,Database Administrator,100
9,8,Very Good,Artificial Intelligence (AI) Engineer,88.89
3,5,can't predict,Cybersecurity Analyst,166.67
10,4,Below Average,Full Stack Developer,40
6,2,Poor,Artificial Intelligence (AI) Engineer,33.33
1,1,Excellent,Full Stack Developer,100
7,5,Good,Artificial Intelligence (AI) Engineer,71.43
8,8,Excellent,Data Analyst,100
4,6,can't predict,Artificial Intelligence (AI) Engineer,150
4,0,Needs Improvement,Data Analyst,0
10,4,Below Average,Database Administrator,40
6,9,can't predict,Full Stack Developer,150
1,2,can't predict,Cybersecurity Analyst,200
10,1,Extremely Poor,Cybersecurity Analyst,10
7,8,can't predict,Artificial Intelligence (AI) Engineer,114.29
5,10,can't predict,Database Administrator,200
5,1,Very Poor,Full Stack Developer,20
6,3,Average,Data Analyst,50
8,5,Above Average,Full Stack Developer,62.5
9,6,Above Average,Artificial Intelligence (AI) Engineer,66.67
6,9,can't predict,Database Administrator,150
9,1,Extremely Poor,Full Stack Developer,11.11
9,3,Poor,Cybersecurity Analyst,33.33
4,6,can't predict,Artificial Intelligence (AI) Engineer,150
2,0,Needs Improvement,Data Analyst,0
9,4,Below Average,Data Analyst,44.44
2,1,Average,Artificial Intelligence (AI) Engineer,50
2,1,Average,Data Analyst,50
3,7,can't predict,Data Analyst,233.33
7,10,can't predict,Full Stack Developer,142.86
4,6,can't predict,Artificial Intelligence (AI) Engineer,150
3,9,can't predict,Artificial Intelligence (AI) Engineer,300
7,0,Needs Improvement,Data Analyst,0
9,3,Poor,Artificial Intelligence (AI) Engineer,33.33
6,10,can't predict,Data Analyst,166.67
1,0,Needs Improvement,Full Stack Developer,0
3,10,can't predict,Full Stack Developer,333.33
8,10,can't predict,Full Stack Developer,125
6,2,Poor,Data Analyst,33.33
3,4,can't predict,Data Analyst,133.33
8,0,Needs Improvement,Database Administrator,0
9,8,Very Good,Data Analyst,88.89
5,1,Very Poor,Cybersecurity Analyst,20
2,2,Excellent,Data Analyst,100
1,6,can't predict,Full Stack Developer,600
9,8,Very Good,Full Stack Developer,88.89
2,1,Average,Artificial Intelligence (AI) Engineer,50
9,0,Needs Improvement,Artificial Intelligence (AI) Engineer,0
9,9,Excellent,Artificial Intelligence (AI) Engineer,100
4,10,can't predict,Artificial Intelligence (AI) Engineer,250
6,7,can't predict,Full Stack Developer,116.67
10,1,Extremely Poor,Data Analyst,10
8,9,can't predict,Artificial Intelligence (AI) Engineer,112.5
1,9,can't predict,Data Analyst,900
10,5,Average,Data Analyst,50
9,3,Poor,Data Analyst,33.33
3,7,can't predict,Full Stack Developer,233.33
6,5,Very Good,Full Stack Developer,83.33
6,7,can't predict,Database Administrator,116.67
1,6,can't predict,Data Analyst,600
10,5,Average,Data Analyst,50
8,6,Good,Data Analyst,75
9,8,Very Good,Data Analyst,88.89
7,9,can't predict,Cybersecurity Analyst,128.57
4,8,can't predict,Full Stack Developer,200
10,10,Excellent,Artificial Intelligence (AI) Engineer,100
5,10,can't predict,Full Stack Developer,200
8,10,can't predict,Database Administrator,125
5,1,Very Poor,Data Analyst,20
1,4,can't predict,Database Administrator,400
2,10,can't predict,Artificial Intelligence (AI) Engineer,500
3,4,can't predict,Full Stack Developer,133.33
8,7,Very Good,Cybersecurity Analyst,87.5
6,3,Average,Artificial Intelligence (AI) Engineer,50
8,10,can't predict,Database Administrator,125
4,8,can't predict,Database Administrator,200
8,0,Needs Improvement,Data Analyst,0
10,0,Needs Improvement,Artificial Intelligence (AI) Engineer,0
2,6,can't predict,Full Stack Developer,300
8,6,Good,Database Administrator,75
4,7,can't predict,Data Analyst,175
8,7,Very Good,Full Stack Developer,87.5
2,3,can't predict,Cybersecurity Analyst,150
5,1,Very Poor,Database Administrator,20
2,7,can't predict,Cybersecurity Analyst,350
6,0,Needs Improvement,Data Analyst,0
3,10,can't predict,Cybersecurity Analyst,333.33
8,6,Good,Database Administrator,75
1,0,Needs Improvement,Data Analyst,0
1,3,can't predict,Artificial Intelligence (AI) Engineer,300
6,6,Excellent,Artificial Intelligence (AI) Engineer,100
8,0,Needs Improvement,Cybersecurity Analyst,0
5,8,can't predict,Artificial Intelligence (AI) Engineer,160
7,0,Needs Improvement,Database Administrator,0
7,7,Excellent,Data Analyst,100
3,4,can't predict,Full Stack Developer,133.33
9,5,Average,Cybersecurity Analyst,55.56
4,2,Average,Cybersecurity Analyst,50
2,7,can't predict,Full Stack Developer,350
4,10,can't predict,Data Analyst,250
10,3,Poor,Full Stack Developer,30
7,7,Excellent,Full Stack Developer,100
3,9,can't predict,Data Analyst,300
2,10,can't predict,Database Administrator,500
7,0,Needs Improvement,Artificial Intelligence (AI) Engineer,0
7,3,Below Average,Data Analyst,42.86
4,5,can't predict,Data Analyst,125
4,6,can't predict,Data Analyst,150
5,0,Needs Improvement,Cybersecurity Analyst,0
5,10,can't predict,Data Analyst,200
1,0,Needs Improvement,Data Analyst,0
5,8,can't predict,Artificial Intelligence (AI) Engineer,160
9,9,Excellent,Full Stack Developer,100
3,8,can't predict,Data Analyst,266.67
10,7,Good,Artificial Intelligence (AI) Engineer,70
4,6,can't predict,Data Analyst,150
1,2,can't predict,Data Analyst,200
8,5,Above Average,Data Analyst,62.5
9,5,Average,Artificial Intelligence (AI) Engineer,55.56
7,5,Good,Full Stack Developer,71.43
6,1,Extremely Poor,Data Analyst,16.67
1,5,can't predict,Database Administrator,500
2,4,can't predict,Full Stack Developer,200
4,2,Average,Database Administrator,50
4,6,can't predict,Data Analyst,150
4,0,Needs Improvement,Artificial Intelligence (AI) Engineer,0
9,0,Needs Improvement,Data Analyst,0
6,6,Excellent,Cybersecurity Analyst,100
7,9,can't predict,Data Analyst,128.57
9,2,Very Poor,Full Stack Developer,22.22
6,6,Excellent,Full Stack Developer,100
4,7,can't predict,Full Stack Developer,175
8,4,Average,Artificial Intelligence (AI) Engineer,50
9,4,Below Average,Database Administrator,44.44
4,4,Excellent,Full Stack Developer,100
9,9,Excellent,Data Analyst,100
8,7,Very Good,Full Stack Developer,87.5
8,0,Needs Improvement,Data Analyst,0
3,3,Excellent,Cybersecurity Analyst,100
10,4,Below Average,Full Stack Developer,40
4,8,can't predict,Artificial Intelligence (AI) Engineer,200
5,2,Below Average,Artificial Intelligence (AI) Engineer,40
6,8,can't predict,Database Administrator,133.33
8,7,Very Good,Data Analyst,87.5
5,4,Very Good,Data Analyst,80
10,5,Average,Data Analyst,50
8,7,Very Good,Database Administrator,87.5
6,4,Above Average,Cybersecurity Analyst,66.67
8,7,Very Good,Cybersecurity Analyst,87.5
1,8,can't predict,Cybersecurity Analyst,800
1,4,can't predict,Artificial Intelligence (AI) Engineer,400
7,10,can't predict,Data Analyst,142.86
6,2,Poor,Artificial Intelligence (AI) Engineer,33.33
5,5,Excellent,Data Analyst,100
1,10,can't predict,Data Analyst,1000
6,4,Above Average,Database Administrator,66.67
7,4,Average,Artificial Intelligence (AI) Engineer,57.14
2,9,can't predict,Database Administrator,450
1,2,can't predict,Artificial Intelligence (AI) Engineer,200
10,2,Very Poor,Data Analyst,20
3,0,Needs Improvement,Artificial Intelligence (AI) Engineer,0
2,6,can't predict,Data Analyst,300
6,0,Needs Improvement,Full Stack Developer,0
3,9,can't predict,Full Stack Developer,300
1,0,Needs Improvement,Artificial Intelligence (AI) Engineer,0
7,0,Needs Improvement,Artificial Intelligence (AI) Engineer,0
10,4,Below Average,Data Analyst,40
3,8,can't predict,Data Analyst,266.67
7,3,Below Average,Full Stack Developer,42.86
8,7,Very Good,Full Stack Developer,87.5
6,7,can't predict,Data Analyst,116.67
8,4,Average,Database Administrator,50
7,6,Very Good,Full Stack Developer,85.71
10,10,Excellent,Artificial Intelligence (AI) Engineer,100
2,8,can't predict,Cybersecurity Analyst,400
8,3,Poor,Database Administrator,37.5
1,5,can't predict,Data Analyst,500
10,9,Excellent,Cybersecurity Analyst,90
6,5,Very Good,Database Administrator,83.33
7,7,Excellent,Full Stack Developer,100
9,4,Below Average,Artificial Intelligence (AI) Engineer,44.44
7,6,Very Good,Data Analyst,85.71
6,1,Extremely Poor,Full Stack Developer,16.67
1,5,can't predict,Data Analyst,500
4,7,can't predict,Data Analyst,175
2,1,Average,Artificial Intelligence (AI) Engineer,50
7,7,Excellent,Artificial Intelligence (AI) Engineer,100
5,6,can't predict,Full Stack Developer,120
3,9,can't predict,Full Stack Developer,300
9,9,Excellent,Full Stack Developer,100
4,0,Needs Improvement,Data Analyst,0
3,10,can't predict,Artificial Intelligence (AI) Engineer,333.33
1,9,can't predict,Data Analyst,900
7,3,Below Average,Data Analyst,42.86
1,8,can't predict,Database Administrator,800
1,1,Excellent,Full Stack Developer,100
5,0,Needs Improvement,Data Analyst,0
5,6,can't predict,Artificial Intelligence (AI) Engineer,120
9,6,Above Average,Artificial Intelligence (AI) Engineer,66.67
3,7,can't predict,Full Stack Developer,233.33
8,7,Very Good,Full Stack Developer,87.5
3,8,can't predict,Data Analyst,266.67
5,0,Needs Improvement,Full Stack Developer,0
8,6,Good,Data Analyst,75
3,4,can't predict,Full Stack Developer,133.33
6,3,Average,Full Stack Developer,50
8,1,Extremely Poor,Cybersecurity Analyst,12.5
10,9,Excellent,Cybersecurity Analyst,90
6,4,Above Average,Artificial Intelligence (AI) Engineer,66.67
5,3,Above Average,Cybersecurity Analyst,60
2,5,can't predict,Full Stack Developer,250
10,5,Average,Data Analyst,50
5,2,Below Average,Full Stack Developer,40
6,1,Extremely Poor,Database Administrator,16.67
2,3,can't predict,Full Stack Developer,150
3,3,Excellent,Full Stack Developer,100
8,9,can't predict,Full Stack Developer,112.5
5,10,can't predict,Full Stack Developer,200
3,3,Excellent,Database Administrator,100
7,7,Excellent,Database Administrator,100
5,1,Very Poor,Data Analyst,20
7,5,Good,Data Analyst,71.43
9,9,Excellent,Database Administrator,100
3,6,can't predict,Full Stack Developer,200
3,8,can't predict,Data Analyst,266.67
8,0,Needs Improvement,Artificial Intelligence (AI) Engineer,0
2,6,can't predict,Data Analyst,300
6,1,Extremely Poor,Database Administrator,16.67
10,9,Excellent,Data Analyst,90
10,1,Extremely Poor,Data Analyst,10
4,9,can't predict,Data Analyst,225
1,0,Needs Improvement,Artificial Intelligence (AI) Engineer,0
10,8,Very Good,Data Analyst,80
8,5,Above Average,Full Stack Developer,62.5
7,9,can't predict,Data Analyst,128.57
10,7,Good,Data Analyst,70
6,2,Poor,Data Analyst,33.33
3,5,can't predict,Full Stack Developer,166.67
8,8,Excellent,Artificial Intelligence (AI) Engineer,100
9,7,Good,Data Analyst,77.78
3,0,Needs Improvement,Full Stack Developer,0
2,5,can't predict,Full Stack Developer,250
7,2,Very Poor,Full Stack Developer,28.57
7,3,Below Average,Full Stack Developer,42.86
6,0,Needs Improvement,Data Analyst,0
4,1,Very Poor,Database Administrator,25
6,1,Extremely Poor,Artificial Intelligence (AI) Engineer,16.67
3,1,Poor,Cybersecurity Analyst,33.33
10,4,Below Average,Cybersecurity Analyst,40
3,1,Poor,Full Stack Developer,33.33
8,8,Excellent,Data Analyst,100
6,2,Poor,Artificial Intelligence (AI) Engineer,33.33
2,0,Needs Improvement,Cybersecurity Analyst,0
2,6,can't predict,Data Analyst,300
1,7,can't predict,Cybersecurity Analyst,700
7,0,Needs Improvement,Data Analyst,0
3,5,can't predict,Data Analyst,166.67
6,6,Excellent,Database Administrator,100
8,8,Excellent,Cybersecurity Analyst,100
1,9,can't predict,Cybersecurity Analyst,900
10,4,Below Average,Full Stack Developer,40
5,2,Below Average,Data Analyst,40
3,7,can't predict,Data Analyst,233.33
1,3,can't predict,Full Stack Developer,300
7,7,Excellent,Artificial Intelligence (AI) Engineer,100
3,10,can't predict,Artificial Intelligence (AI) Engineer,333.33
1,1,Excellent,Data Analyst,100
6,3,Average,Full Stack Developer,50
4,9,can't predict,Cybersecurity Analyst,225
2,1,Average,Cybersecurity Analyst,50
3,7,can't predict,Database Administrator,233.33
9,5,Average,Full Stack Developer,55.56
1,5,can't predict,Cybersecurity Analyst,500
6,6,Excellent,Artificial Intelligence (AI) Engineer,100
9,1,Extremely Poor,Data Analyst,11.11
8,2,Very Poor,Database Administrator,25
1,3,can't predict,Artificial Intelligence (AI) Engineer,300
8,5,Above Average,Data Analyst,62.5
6,2,Poor,Full Stack Developer,33.33
7,5,Good,Data Analyst,71.43
8,9,can't predict,Artificial Intelligence (AI) Engineer,112.5
1,7,can't predict,Database Administrator,700
8,8,Excellent,Data Analyst,100
5,1,Very Poor,Full Stack Developer,20
3,0,Needs Improvement,Database Administrator,0
10,0,Needs Improvement,Database Administrator,0
2,1,Average,Cybersecurity Analyst,50
10,7,Good,Full Stack Developer,70
4,5,can't predict,Cybersecurity Analyst,125
8,2,Very Poor,Artificial Intelligence (AI) Engineer,25
3,4,can't predict,Artificial Intelligence (AI) Engineer,133.33
9,10,can't predict,Full Stack Developer,111.11
10,1,Extremely Poor,Database Administrator,10
8,10,can't predict,Data Analyst,125
1,10,can't predict,Database Administrator,1000
1,0,Needs Improvement,Data Analyst,0
7,7,Excellent,Full Stack Developer,100
3,9,can't predict,Data Analyst,300
3,5,can't predict,Cybersecurity Analyst,166.67
9,0,Needs Improvement,Full Stack Developer,0
5,0,Needs Improvement,Data Analyst,0
2,1,Average,Artificial Intelligence (AI) Engineer,50
5,1,Very Poor,Data Analyst,20
9,8,Very Good,Artificial Intelligence (AI) Engineer,88.89
6,9,can't predict,Full Stack Developer,150
8,5,Above Average,Full Stack Developer,62.5
3,7,can't predict,Artificial Intelligence (AI) Engineer,233.33
4,6,can't predict,Database Administrator,150
7,8,can't predict,Full Stack Developer,114.29
8,1,Extremely Poor,Full Stack Developer,12.5
8,10,can't predict,Artificial Intelligence (AI) Engineer,125
6,3,Average,Full Stack Developer,50
6,1,Extremely Poor,Full Stack Developer,16.67
9,0,Needs Improvement,Data Analyst,0
6,2,Poor,Full Stack Developer,33.33
1,3,can't predict,Database Administrator,300
4,4,Excellent,Database Administrator,100
4,1,Very Poor,Data Analyst,25
10,5,Average,Database Administrator,50
1,10,can't predict,Artificial Intelligence (AI) Engineer,1000
10,9,Excellent,Full Stack Developer,90
8,3,Poor,Artificial Intelligence (AI) Engineer,37.5
4,5,can't predict,Full Stack Developer,125
8,1,Extremely Poor,Data Analyst,12.5
6,2,Poor,Data Analyst,33.33
5,9,can't predict,Artificial Intelligence (AI) Engineer,180
10,9,Excellent,Cybersecurity Analyst,90
9,10,can't predict,Database Administrator,111.11
8,2,Very Poor,Data Analyst,25
6,1,Extremely Poor,Data Analyst,16.67
3,10,can't predict,Full Stack Developer,333.33
9,4,Below Average,Data Analyst,44.44
4,6,can't predict,Data Analyst,150
3,4,can't predict,Cybersecurity Analyst,133.33
2,0,Needs Improvement,Cybersecurity Analyst,0
3,10,can't predict,Data Analyst,333.33
1,3,can't predict,Full Stack Developer,300
7,8,can't predict,Database Administrator,114.29
7,3,Below Average,Data Analyst,42.86
2,3,can't predict,Cybersecurity Analyst,150
4,9,can't predict,Cybersecurity Analyst,225
4,2,Average,Database Administrator,50
10,9,Excellent,Full Stack Developer,90
10,3,Poor,Data Analyst,30
7,7,Excellent,Database Administrator,100
8,8,Excellent,Artificial Intelligence (AI) Engineer,100
4,9,can't predict,Database Administrator,225
5,9,can't predict,Artificial Intelligence (AI) Engineer,180
3,10,can't predict,Full Stack Developer,333.33
2,2,Excellent,Artificial Intelligence (AI) Engineer,100
10,2,Very Poor,Full Stack Developer,20
1,4,can't predict,Full Stack Developer,400
8,8,Excellent,Data Analyst,100
6,9,can't predict,Artificial Intelligence (AI) Engineer,150
10,4,Below Average,Database Administrator,40
7,5,Good,Full Stack Developer,71.43
9,5,Average,Artificial Intelligence (AI) Engineer,55.56
7,5,Good,Data Analyst,71.43
3,4,can't predict,Data Analyst,133.33
10,3,Poor,Data Analyst,30
5,10,can't predict,Data Analyst,200
9,0,Needs Improvement,Data Analyst,0
7,1,Extremely Poor,Data Analyst,14.29
6,8,can't predict,Artificial Intelligence (AI) Engineer,133.33
4,5,can't predict,Full Stack Developer,125
6,0,Needs Improvement,Data Analyst,0
4,9,can't predict,Full Stack Developer,225
8,3,Poor,Data Analyst,37.5
8,7,Very Good,Data Analyst,87.5
7,4,Average,Full Stack Developer,57.14
1,3,can't predict,Data Analyst,300
9,4,Below Average,Database Administrator,44.44
7,3,Below Average,Artificial Intelligence (AI) Engineer,42.86
9,6,Above Average,Cybersecurity Analyst,66.67
5,4,Very Good,Data Analyst,80
1,6,can't predict,Database Administrator,600
4,1,Very Poor,Data Analyst,25
6,0,Needs Improvement,Full Stack Developer,0
1,4,can't predict,Full Stack Developer,400
8,3,Poor,Artificial Intelligence (AI) Engineer,37.5
8,9,can't predict,Artificial Intelligence (AI) Engineer,112.5
6,7,can't predict,Full Stack Developer,116.67
8,10,can't predict,Full Stack Developer,125
10,10,Excellent,Full Stack Developer,100
6,6,Excellent,Data Analyst,100
10,10,Excellent,Data Analyst,100
2,2,Excellent,Cybersecurity Analyst,100
2,2,Excellent,Cybersecurity Analyst,100
4,4,Excellent,Database Administrator,100
7,9,can't predict,Full Stack Developer,128.57
6,7,can't predict,Cybersecurity Analyst,116.67
3,7,can't predict,Cybersecurity Analyst,233.33
7,5,Good,Artificial Intelligence (AI) Engineer,71.43
5,5,Excellent,Database Administrator,100
1,4,can't predict,Data Analyst,400
9,10,can't predict,Database Administrator,111.11
5,8,can't predict,Cybersecurity Analyst,160
5,2,Below Average,Artificial Intelligence (AI) Engineer,40
10,9,Excellent,Database Administrator,90
9,1,Extremely Poor,Cybersecurity Analyst,11.11
6,9,can't predict,Artificial Intelligence (AI) Engineer,150
1,2,can't predict,Cybersecurity Analyst,200
4,4,Excellent,Artificial Intelligence (AI) Engineer,100
6,0,Needs Improvement,Data Analyst,0
1,1,Excellent,Artificial Intelligence (AI) Engineer,100
3,2,Above Average,Artificial Intelligence (AI) Engineer,66.67
7,6,Very Good,Data Analyst,85.71
3,6,can't predict,Cybersecurity Analyst,200
3,6,can't predict,Full Stack Developer,200
8,7,Very Good,Artificial Intelligence (AI) Engineer,87.5
8,0,Needs Improvement,Database Administrator,0
3,3,Excellent,Data Analyst,100
3,1,Poor,Artificial Intelligence (AI) Engineer,33.33
7,0,Needs Improvement,Data Analyst,0
5,6,can't predict,Cybersecurity Analyst,120
5,1,Very Poor,Database Administrator,20
9,10,can't predict,Data Analyst,111.11
10,6,Above Average,Data Analyst,60
1,1,Excellent,Artificial Intelligence (AI) Engineer,100
4,7,can't predict,Data Analyst,175
3,2,Above Average,Full Stack Developer,66.67
6,2,Poor,Full Stack Developer,33.33
1,7,can't predict,Database Administrator,700
1,0,Needs Improvement,Artificial Intelligence (AI) Engineer,0
8,0,Needs Improvement,Cybersecurity Analyst,0
5,5,Excellent,Full Stack Developer,100
1,5,can't predict,Full Stack Developer,500
5,10,can't predict,Full Stack Developer,200
4,3,Good,Cybersecurity Analyst,75
10,8,Very Good,Artificial Intelligence (AI) Engineer,80
9,3,Poor,Database Administrator,33.33
3,9,can't predict,Artificial Intelligence (AI) Engineer,300
7,2,Very Poor,Data Analyst,28.57
7,2,Very Poor,Full Stack Developer,28.57
3,3,Excellent,Database Administrator,100
5,6,can't predict,Cybersecurity Analyst,120
4,4,Excellent,Full Stack Developer,100
10,6,Above Average,Full Stack Developer,60
9,9,Excellent,Full Stack Developer,100
6,7,can't predict,Data Analyst,116.67
7,1,Extremely Poor,Data Analyst,14.29
7,5,Good,Cybersecurity Analyst,71.43
5,7,can't predict,Full Stack Developer,140
8,9,can't predict,Artificial Intelligence (AI) Engineer,112.5
2,7,can't predict,Full Stack Developer,350
5,3,Above Average,Cybersecurity Analyst,60
5,4,Very Good,Database Administrator,80
8,0,Needs Improvement,Artificial Intelligence (AI) Engineer,0
10,0,Needs Improvement,Full Stack Developer,0
2,6,can't predict,Cybersecurity Analyst,300
4,6,can't predict,Data Analyst,150
4,4,Excellent,Cybersecurity Analyst,100
1,6,can't predict,Data Analyst,600
1,10,can't predict,Cybersecurity Analyst,1000
3,10,can't predict,Cybersecurity Analyst,333.33
6,5,Very Good,Cybersecurity Analyst,83.33
10,9,Excellent,Cybersecurity Analyst,90
9,4,Below Average,Data Analyst,44.44
2,10,can't predict,Data Analyst,500
1,6,can't predict,Cybersecurity Analyst,600
10,10,Excellent,Cybersecurity Analyst,100
9,1,Extremely Poor,Database Administrator,11.11
5,10,can't predict,Artificial Intelligence (AI) Engineer,200
2,6,can't predict,Data Analyst,300
1,9,can't predict,Artificial Intelligence (AI) Engineer,900
1,10,can't predict,Data Analyst,1000
10,2,Very Poor,Full Stack Developer,20
9,10,can't predict,Data Analyst,111.11
5,3,Above Average,Artificial Intelligence (AI) Engineer,60
5,5,Excellent,Full Stack Developer,100
6,1,Extremely Poor,Full Stack Developer,16.67
1,7,can't predict,Cybersecurity Analyst,700
4,10,can't predict,Data Analyst,250
5,2,Below Average,Artificial Intelligence (AI) Engineer,40
7,4,Average,Data Analyst,57.14
9,6,Above Average,Artificial Intelligence (AI) Engineer,66.67
8,9,can't predict,Data Analyst,112.5
4,8,can't predict,Artificial Intelligence (AI) Engineer,200
7,9,can't predict,Data Analyst,128.57
7,4,Average,Artificial Intelligence (AI) Engineer,57.14
2,2,Excellent,Artificial Intelligence (AI) Engineer,100
6,9,can't predict,Full Stack Developer,150
7,9,can't predict,Full Stack Developer,128.57
10,1,Extremely Poor,Artificial Intelligence (AI) Engineer,10
8,7,Very Good,Data Analyst,87.5
2,2,Excellent,Full Stack Developer,100
2,1,Average,Artificial Intelligence (AI) Engineer,50
3,5,can't predict,Data Analyst,166.67
4,4,Excellent,Data Analyst,100
8,7,Very Good,Database Administrator,87.5
2,10,can't predict,Data Analyst,500
6,9,can't predict,Full Stack Developer,150
7,10,can't predict,Data Analyst,142.86
1,1,Excellent,Data Analyst,100
7,10,can't predict,Cybersecurity Analyst,142.86
2,7,can't predict,Artificial Intelligence (AI) Engineer,350
1,1,Excellent,Artificial Intelligence (AI) Engineer,100
9,9,Excellent,Database Administrator,100
6,10,can't predict,Cybersecurity Analyst,166.67
4,8,can't predict,Full Stack Developer,200
7,2,Very Poor,Data Analyst,28.57
9,2,Very Poor,Data Analyst,22.22
2,5,can't predict,Full Stack Developer,250
8,2,Very Poor,Artificial Intelligence (AI) Engineer,25
1,5,can't predict,Data Analyst,500
8,7,Very Good,Full Stack Developer,87.5
8,9,can't predict,Full Stack Developer,112.5
3,10,can't predict,Data Analyst,333.33
7,3,Below Average,Database Administrator,42.86
3,10,can't predict,Data Analyst,333.33
10,5,Average,Full Stack Developer,50
2,5,can't predict,Artificial Intelligence (AI) Engineer,250
2,2,Excellent,Full Stack Developer,100
6,1,Extremely Poor,Data Analyst,16.67
1,2,can't predict,Database Administrator,200
7,0,Needs Improvement,Full Stack Developer,0
7,3,Below Average,Database Administrator,42.86
1,0,Needs Improvement,Database Administrator,0
2,4,can't predict,Data Analyst,200
8,6,Good,Full Stack Developer,75
8,7,Very Good,Full Stack Developer,87.5
10,7,Good,Full Stack Developer,70
2,7,can't predict,Cybersecurity Analyst,350
3,1,Poor,Data Analyst,33.33
5,0,Needs Improvement,Database Administrator,0
5,3,Above Average,Data Analyst,60
5,9,can't predict,Artificial Intelligence (AI) Engineer,180
3,5,can't predict,Database Administrator,166.67
4,1,Very Poor,Artificial Intelligence (AI) Engineer,25
9,3,Poor,Artificial Intelligence (AI) Engineer,33.33
7,6,Very Good,Full Stack Developer,85.71
6,7,can't predict,Full Stack Developer,116.67
2,5,can't predict,Data Analyst,250
10,7,Good,Database Administrator,70
9,8,Very Good,Data Analyst,88.89
6,4,Above Average,Cybersecurity Analyst,66.67
3,2,Above Average,Cybersecurity Analyst,66.67
3,7,can't predict,Database Administrator,233.33
3,0,Needs Improvement,Full Stack Developer,0
6,8,can't predict,Data Analyst,133.33
2,4,can't predict,Database Administrator,200
8,3,Poor,Data Analyst,37.5
9,1,Extremely Poor,Artificial Intelligence (AI) Engineer,11.11
2,3,can't predict,Cybersecurity Analyst,150
7,2,Very Poor,Full Stack Developer,28.57
4,8,can't predict,Artificial Intelligence (AI) Engineer,200
4,2,Average,Full Stack Developer,50
7,3,Below Average,Data Analyst,42.86
9,2,Very Poor,Database Administrator,22.22
6,3,Average,Database Administrator,50
3,2,Above Average,Artificial Intelligence (AI) Engineer,66.67
1,8,can't predict,Data Analyst,800
7,1,Extremely Poor,Data Analyst,14.29
8,4,Average,Data Analyst,50
1,10,can't predict,Artificial Intelligence (AI) Engineer,1000
9,9,Excellent,Artificial Intelligence (AI) Engineer,100
5,7,can't predict,Data Analyst,140
6,1,Extremely Poor,Data Analyst,16.67
6,2,Poor,Data Analyst,33.33
2,3,can't predict,Artificial Intelligence (AI) Engineer,150
7,8,can't predict,Artificial Intelligence (AI) Engineer,114.29
1,9,can't predict,Data Analyst,900
6,7,can't predict,Data Analyst,116.67
10,3,Poor,Full Stack Developer,30
4,7,can't predict,Data Analyst,175
7,3,Below Average,Full Stack Developer,42.86
2,7,can't predict,Data Analyst,350
6,1,Extremely Poor,Artificial Intelligence (AI) Engineer,16.67
9,2,Very Poor,Cybersecurity Analyst,22.22
2,2,Excellent,Artificial Intelligence (AI) Engineer,100
6,4,Above Average,Data Analyst,66.67
6,6,Excellent,Database Administrator,100
2,2,Excellent,Database Administrator,100
1,8,can't predict,Full Stack Developer,800
1,8,can't predict,Database Administrator,800
8,7,Very Good,Database Administrator,87.5
3,7,can't predict,Full Stack Developer,233.33
10,10,Excellent,Full Stack Developer,100
3,5,can't predict,Database Administrator,166.67
8,5,Above Average,Data Analyst,62.5
3,10,can't predict,Data Analyst,333.33
9,7,Good,Cybersecurity Analyst,77.78
8,4,Average,Artificial Intelligence (AI) Engineer,50
7,8,can't predict,Cybersecurity Analyst,114.29
5,9,can't predict,Database Administrator,180
10,0,Needs Improvement,Artificial Intelligence (AI) Engineer,0
6,6,Excellent,Database Administrator,100
4,2,Average,Artificial Intelligence (AI) Engineer,50
6,10,can't predict,Database Administrator,166.67
9,1,Extremely Poor,Full Stack Developer,11.11
7,10,can't predict,Data Analyst,142.86
6,10,can't predict,Data Analyst,166.67
9,1,Extremely Poor,Full Stack Developer,11.11
2,0,Needs Improvement,Data Analyst,0
6,6,Excellent,Artificial Intelligence (AI) Engineer,100
8,6,Good,Artificial Intelligence (AI) Engineer,75
5,1,Very Poor,Database Administrator,20
3,7,can't predict,Full Stack Developer,233.33
1,3,can't predict,Cybersecurity Analyst,300
9,5,Average,Artificial Intelligence (AI) Engineer,55.56
2,2,Excellent,Artificial Intelligence (AI) Engineer,100
7,7,Excellent,Full Stack Developer,100
6,10,can't predict,Data Analyst,166.67
8,1,Extremely Poor,Full Stack Developer,12.5
3,10,can't predict,Full Stack Developer,333.33
8,4,Average,Data Analyst,50
7,3,Below Average,Data Analyst,42.86
5,8,can't predict,Data Analyst,160
5,4,Very Good,Full Stack Developer,80
8,9,can't predict,Artificial Intelligence (AI) Engineer,112.5
3,1,Poor,Full Stack Developer,33.33
5,4,Very Good,Cybersecurity Analyst,80
6,7,can't predict,Artificial Intelligence (AI) Engineer,116.67
7,7,Excellent,Data Analyst,100
8,8,Excellent,Artificial Intelligence (AI) Engineer,100
2,3,can't predict,Data Analyst,150
5,6,can't predict,Database Administrator,120
1,10,can't predict,Full Stack Developer,1000
8,7,Very Good,Artificial Intelligence (AI) Engineer,87.5
3,7,can't predict,Artificial Intelligence (AI) Engineer,233.33
8,5,Above Average,Data Analyst,62.5
4,4,Excellent,Artificial Intelligence (AI) Engineer,100
9,10,can't predict,Database Administrator,111.11
5,8,can't predict,Full Stack Developer,160
3,9,can't predict,Full Stack Developer,300
9,4,Below Average,Data Analyst,44.44
9,9,Excellent,Full Stack Developer,100
10,6,Above Average,Artificial Intelligence (AI) Engineer,60
10,6,Above Average,Full Stack Developer,60
3,4,can't predict,Database Administrator,133.33
3,2,Above Average,Database Administrator,66.67
3,4,can't predict,Database Administrator,133.33
10,3,Poor,Full Stack Developer,30
3,8,can't predict,Full Stack Developer,266.67
8,10,can't predict,Data Analyst,125
10,2,Very Poor,Data Analyst,20
5,7,can't predict,Full Stack Developer,140
5,7,can't predict,Artificial Intelligence (AI) Engineer,140
6,9,can't predict,Database Administrator,150
5,0,Needs Improvement,Full Stack Developer,0
3,5,can't predict,Full Stack Developer,166.67
2,0,Needs Improvement,Full Stack Developer,0
5,0,Needs Improvement,Full Stack Developer,0
10,5,Average,Cybersecurity Analyst,50
10,0,Needs Improvement,Data Analyst,0
1,10,can't predict,Cybersecurity Analyst,1000
1,5,can't predict,Data Analyst,500
3,7,can't predict,Data Analyst,233.33
4,0,Needs Improvement,Full Stack Developer,0
2,3,can't predict,Data Analyst,150
8,4,Average,Database Administrator,50
9,5,Average,Database Administrator,55.56
3,8,can't predict,Artificial Intelligence (AI) Engineer,266.67
9,7,Good,Full Stack Developer,77.78
1,4,can't predict,Full Stack Developer,400
3,2,Above Average,Artificial Intelligence (AI) Engineer,66.67
4,4,Excellent,Data Analyst,100
5,5,Excellent,Data Analyst,100
3,8,can't predict,Full Stack Developer,266.67
2,7,can't predict,Data Analyst,350
6,9,can't predict,Full Stack Developer,150
5,3,Above Average,Database Administrator,60
7,0,Needs Improvement,Cybersecurity Analyst,0
4,7,can't predict,Full Stack Developer,175
1,4,can't predict,Data Analyst,400
1,1,Excellent,Database Administrator,100
9,8,Very Good,Data Analyst,88.89
2,4,can't predict,Data Analyst,200
2,5,can't predict,Database Administrator,250
6,5,Very Good,Database Administrator,83.33
9,0,Needs Improvement,Cybersecurity Analyst,0
10,4,Below Average,Data Analyst,40
5,6,can't predict,Full Stack Developer,120
7,0,Needs Improvement,Database Administrator,0
1,10,can't predict,Data Analyst,1000
9,10,can't predict,Full Stack Developer,111.11
7,9,can't predict,Cybersecurity Analyst,128.57
8,6,Good,Database Administrator,75
3,5,can't predict,Data Analyst,166.67
8,6,Good,Database Administrator,75
10,6,Above Average,Full Stack Developer,60
1,3,can't predict,Full Stack Developer,300
4,9,can't predict,Cybersecurity Analyst,225
2,0,Needs Improvement,Cybersecurity Analyst,0
7,0,Needs Improvement,Full Stack Developer,0
5,0,Needs Improvement,Data Analyst,0
5,1,Very Poor,Full Stack Developer,20
9,0,Needs Improvement,Artificial Intelligence (AI) Engineer,0
10,3,Poor,Data Analyst,30
9,4,Below Average,Full Stack Developer,44.44
10,9,Excellent,Database Administrator,90
3,9,can't predict,Artificial Intelligence (AI) Engineer,300
4,8,can't predict,Artificial Intelligence (AI) Engineer,200
5,5,Excellent,Data Analyst,100
3,4,can't predict,Data Analyst,133.33
4,8,can't predict,Cybersecurity Analyst,200
8,4,Average,Data Analyst,50
9,9,Excellent,Database Administrator,100
3,4,can't predict,Database Administrator,133.33
10,1,Extremely Poor,Database Administrator,10
1,10,can't predict,Database Administrator,1000
10,10,Excellent,Cybersecurity Analyst,100
2,0,Needs Improvement,Database Administrator,0
6,5,Very Good,Full Stack Developer,83.33
9,4,Below Average,Artificial Intelligence (AI) Engineer,44.44
6,1,Extremely Poor,Full Stack Developer,16.67
9,5,Average,Artificial Intelligence (AI) Engineer,55.56
9,1,Extremely Poor,Full Stack Developer,11.11
2,0,Needs Improvement,Cybersecurity Analyst,0
10,7,Good,Full Stack Developer,70
10,2,Very Poor,Database Administrator,20
8,5,Above Average,Data Analyst,62.5
7,1,Extremely Poor,Artificial Intelligence (AI) Engineer,14.29
7,2,Very Poor,Data Analyst,28.57
8,10,can't predict,Data Analyst,125
7,5,Good,Database Administrator,71.43
8,2,Very Poor,Full Stack Developer,25
2,7,can't predict,Full Stack Developer,350
4,3,Good,Data Analyst,75
3,10,can't predict,Cybersecurity Analyst,333.33
7,1,Extremely Poor,Database Administrator,14.29
6,6,Excellent,Cybersecurity Analyst,100
4,4,Excellent,Data Analyst,100
5,2,Below Average,Data Analyst,40
5,2,Below Average,Cybersecurity Analyst,40
9,0,Needs Improvement,Database Administrator,0
4,1,Very Poor,Data Analyst,25
7,8,can't predict,Full Stack Developer,114.29
10,9,Excellent,Data Analyst,90
2,0,Needs Improvement,Data Analyst,0
5,8,can't predict,Full Stack Developer,160
1,6,can't predict,Data Analyst,600
4,8,can't predict,Full Stack Developer,200
10,3,Poor,Data Analyst,30
8,0,Needs Improvement,Cybersecurity Analyst,0
1,1,Excellent,Artificial Intelligence (AI) Engineer,100
1,8,can't predict,Full Stack Developer,800
3,5,can't predict,Artificial Intelligence (AI) Engineer,166.67
4,3,Good,Database Administrator,75
8,8,Excellent,Full Stack Developer,100
3,3,Excellent,Full Stack Developer,100
7,4,Average,Data Analyst,57.14
7,4,Average,Database Administrator,57.14
9,0,Needs Improvement,Data Analyst,0
6,10,can't predict,Artificial Intelligence (AI) Engineer,166.67
6,3,Average,Database Administrator,50
8,8,Excellent,Data Analyst,100
4,10,can't predict,Data Analyst,250
3,3,Excellent,Data Analyst,100
7,3,Below Average,Full Stack Developer,42.86
2,4,can't predict,Data Analyst,200
7,0,Needs Improvement,Data Analyst,0
8,4,Average,Data Analyst,50
3,4,can't predict,Cybersecurity Analyst,133.33
4,5,can't predict,Cybersecurity Analyst,125
6,9,can't predict,Artificial Intelligence (AI) Engineer,150
10,10,Excellent,Cybersecurity Analyst,100
9,4,Below Average,Full Stack Developer,44.44
8,2,Very Poor,Full Stack Developer,25
7,8,can't predict,Full Stack Developer,114.29
9,9,Excellent,Data Analyst,100
6,9,can't predict,Artificial Intelligence (AI) Engineer,150
8,5,Above Average,Data Analyst,62.5
4,9,can't predict,Data Analyst,225
9,0,Needs Improvement,Database Administrator,0
8,9,can't predict,Full Stack Developer,112.5
10,7,Good,Cybersecurity Analyst,70
10,6,Above Average,Data Analyst,60
7,4,Average,Data Analyst,57.14
1,8,can't predict,Cybersecurity Analyst,800
7,0,Needs Improvement,Full Stack Developer,0
7,4,Average,Cybersecurity Analyst,57.14
3,4,can't predict,Full Stack Developer,133.33
1,9,can't predict,Cybersecurity Analyst,900
9,8,Very Good,Full Stack Developer,88.89
2,2,Excellent,Artificial Intelligence (AI) Engineer,100
2,0,Needs Improvement,Data Analyst,0
10,2,Very Poor,Database Administrator,20
3,0,Needs Improvement,Data Analyst,0
6,2,Poor,Database Administrator,33.33
10,1,Extremely Poor,Cybersecurity Analyst,10
8,10,can't predict,Full Stack Developer,125
5,1,Very Poor,Data Analyst,20
8,9,can't predict,Data Analyst,112.5
3,7,can't predict,Data Analyst,233.33
8,1,Extremely Poor,Artificial Intelligence (AI) Engineer,12.5
7,9,can't predict,Database Administrator,128.57
1,8,can't predict,Full Stack Developer,800
10,10,Excellent,Cybersecurity Analyst,100
5,9,can't predict,Database Administrator,180
6,1,Extremely Poor,Artificial Intelligence (AI) Engineer,16.67
7,3,Below Average,Data Analyst,42.86
9,10,can't predict,Cybersecurity Analyst,111.11
8,4,Average,Data Analyst,50
2,2,Excellent,Artificial Intelligence (AI) Engineer,100
4,5,can't predict,Artificial Intelligence (AI) Engineer,125
10,9,Excellent,Database Administrator,90
4,10,can't predict,Database Administrator,250
2,4,can't predict,Cybersecurity Analyst,200
2,0,Needs Improvement,Data Analyst,0
5,5,Excellent,Data Analyst,100
10,1,Extremely Poor,Full Stack Developer,10
3,5,can't predict,Artificial Intelligence (AI) Engineer,166.67
9,0,Needs Improvement,Data Analyst,0
7,8,can't predict,Data Analyst,114.29
1,10,can't predict,Cybersecurity Analyst,1000
7,9,can't predict,Database Administrator,128.57
1,8,can't predict,Data Analyst,800
6,5,Very Good,Database Administrator,83.33
9,10,can't predict,Data Analyst,111.11
7,8,can't predict,Full Stack Developer,114.29
2,2,Excellent,Database Administrator,100
5,1,Very Poor,Cybersecurity Analyst,20
8,2,Very Poor,Artificial Intelligence (AI) Engineer,25
9,7,Good,Full Stack Developer,77.78
10,7,Good,Artificial Intelligence (AI) Engineer,70
8,4,Average,Artificial Intelligence (AI) Engineer,50
7,2,Very Poor,Data Analyst,28.57
6,0,Needs Improvement,Artificial Intelligence (AI) Engineer,0
4,7,can't predict,Data Analyst,175
8,7,Very Good,Data Analyst,87.5
5,6,can't predict,Data Analyst,120
5,6,can't predict,Artificial Intelligence (AI) Engineer,120
3,2,Above Average,Data Analyst,66.67
1,9,can't predict,Data Analyst,900
1,2,can't predict,Data Analyst,200
2,0,Needs Improvement,Full Stack Developer,0
10,6,Above Average,Cybersecurity Analyst,60
10,0,Needs Improvement,Full Stack Developer,0
6,7,can't predict,Database Administrator,116.67
9,6,Above Average,Data Analyst,66.67
8,3,Poor,Data Analyst,37.5
1,10,can't predict,Full Stack Developer,1000
5,10,can't predict,Data Analyst,200
5,10,can't predict,Cybersecurity Analyst,200
7,0,Needs Improvement,Database Administrator,0
3,10,can't predict,Cybersecurity Analyst,333.33
9,3,Poor,Data Analyst,33.33
10,1,Extremely Poor,Data Analyst,10
3,3,Excellent,Cybersecurity Analyst,100
10,0,Needs Improvement,Database Administrator,0
9,6,Above Average,Database Administrator,66.67
9,1,Extremely Poor,Cybersecurity Analyst,11.11
2,1,Average,Data Analyst,50
7,1,Extremely Poor,Full Stack Developer,14.29
10,6,Above Average,Full Stack Developer,60
7,2,Very Poor,Artificial Intelligence (AI) Engineer,28.57
10,9,Excellent,Cybersecurity Analyst,90
10,0,Needs Improvement,Artificial Intelligence (AI) Engineer,0
2,5,can't predict,Data Analyst,250
7,2,Very Poor,Data Analyst,28.57
2,3,can't predict,Database Administrator,150
9,9,Excellent,Artificial Intelligence (AI) Engineer,100
2,8,can't predict,Full Stack Developer,400
3,1,Poor,Database Administrator,33.33
7,2,Very Poor,Full Stack Developer,28.57
1,3,can't predict,Data Analyst,300
3,0,Needs Improvement,Full Stack Developer,0
4,2,Average,Cybersecurity Analyst,50
9,6,Above Average,Database Administrator,66.67
2,4,can't predict,Artificial Intelligence (AI) Engineer,200
4,3,Good,Data Analyst,75
3,9,can't predict,Full Stack Developer,300
8,6,Good,Database Administrator,75
2,5,can't predict,Full Stack Developer,250
6,10,can't predict,Cybersecurity Analyst,166.67
4,5,can't predict,Database Administrator,125
6,0,Needs Improvement,Data Analyst,0
3,8,can't predict,Database Administrator,266.67
5,8,can't predict,Database Administrator,160
10,8,Very Good,Cybersecurity Analyst,80
5,3,Above Average,Database Administrator,60
9,6,Above Average,Full Stack Developer,66.67
9,9,Excellent,Artificial Intelligence (AI) Engineer,100
8,8,Excellent,Database Administrator,100
7,6,Very Good,Data Analyst,85.71
10,0,Needs Improvement,Cybersecurity Analyst,0
10,7,Good,Artificial Intelligence (AI) Engineer,70
6,1,Extremely Poor,Artificial Intelligence (AI) Engineer,16.67
6,5,Very Good,Full Stack Developer,83.33
9,3,Poor,Database Administrator,33.33
5,0,Needs Improvement,Full Stack Developer,0
3,5,can't predict,Full Stack Developer,166.67
6,5,Very Good,Database Administrator,83.33
6,0,Needs Improvement,Data Analyst,0
8,9,can't predict,Database Administrator,112.5
5,5,Excellent,Database Administrator,100
6,1,Extremely Poor,Full Stack Developer,16.67
2,9,can't predict,Database Administrator,450
4,10,can't predict,Cybersecurity Analyst,250
9,10,can't predict,Data Analyst,111.11
5,6,can't predict,Cybersecurity Analyst,120
3,2,Above Average,Full Stack Developer,66.67
6,5,Very Good,Full Stack Developer,83.33
5,10,can't predict,Cybersecurity Analyst,200
2,5,can't predict,Database Administrator,250
8,5,Above Average,Cybersecurity Analyst,62.5
10,1,Extremely Poor,Artificial Intelligence (AI) Engineer,10
3,8,can't predict,Full Stack Developer,266.67
6,9,can't predict,Cybersecurity Analyst,150
5,10,can't predict,Artificial Intelligence (AI) Engineer,200
3,7,can't predict,Cybersecurity Analyst,233.33
7,8,can't predict,Full Stack Developer,114.29
8,0,Needs Improvement,Artificial Intelligence (AI) Engineer,0
6,5,Very Good,Data Analyst,83.33
4,7,can't predict,Full Stack Developer,175
10,9,Excellent,Full Stack Developer,90
10,4,Below Average,Data Analyst,40
7,8,can't predict,Cybersecurity Analyst,114.29
4,6,can't predict,Cybersecurity Analyst,150
1,7,can't predict,Data Analyst,700
4,8,can't predict,Data Analyst,200
4,5,can't predict,Database Administrator,125
2,1,Average,Cybersecurity Analyst,50
8,9,can't predict,Database Administrator,112.5
2,4,can't predict,Data Analyst,200
9,9,Excellent,Full Stack Developer,100
8,3,Poor,Database Administrator,37.5
10,6,Above Average,Data Analyst,60
2,9,can't predict,Data Analyst,450
6,3,Average,Data Analyst,50
8,8,Excellent,Full Stack Developer,100
1,5,can't predict,Database Administrator,500
10,1,Extremely Poor,Full Stack Developer,10
10,6,Above Average,Cybersecurity Analyst,60
3,6,can't predict,Data Analyst,200
8,6,Good,Full Stack Developer,75
8,4,Average,Cybersecurity Analyst,50
1,4,can't predict,Artificial Intelligence (AI) Engineer,400
6,4,Above Average,Full Stack Developer,66.67
7,7,Excellent,Database Administrator,100
9,3,Poor,Cybersecurity Analyst,33.33
8,10,can't predict,Full Stack Developer,125
4,10,can't predict,Artificial Intelligence (AI) Engineer,250
7,8,can't predict,Full Stack Developer,114.29
1,10,can't predict,Data Analyst,1000
5,4,Very Good,Cybersecurity Analyst,80
7,7,Excellent,Database Administrator,100
4,6,can't predict,Artificial Intelligence (AI) Engineer,150
4,10,can't predict,Data Analyst,250
7,4,Average,Full Stack Developer,57.14
9,4,Below Average,Artificial Intelligence (AI) Engineer,44.44
8,10,can't predict,Artificial Intelligence (AI) Engineer,125
5,6,can't predict,Full Stack Developer,120
2,6,can't predict,Data Analyst,300
3,5,can't predict,Data Analyst,166.67
7,3,Below Average,Artificial Intelligence (AI) Engineer,42.86
8,6,Good,Database Administrator,75
4,3,Good,Data Analyst,75
2,4,can't predict,Data Analyst,200
7,0,Needs Improvement,Database Administrator,0
3,8,can't predict,Data Analyst,266.67
7,0,Needs Improvement,Data Analyst,0
10,7,Good,Artificial Intelligence (AI) Engineer,70
1,2,can't predict,Data Analyst,200
5,2,Below Average,Database Administrator,40
1,8,can't predict,Full Stack Developer,800
6,4,Above Average,Full Stack Developer,66.67
6,1,Extremely Poor,Data Analyst,16.67
6,5,Very Good,Database Administrator,83.33
3,7,can't predict,Artificial Intelligence (AI) Engineer,233.33
1,5,can't predict,Artificial Intelligence (AI) Engineer,500
9,3,Poor,Database Administrator,33.33
8,3,Poor,Data Analyst,37.5
1,6,can't predict,Data Analyst,600
9,6,Above Average,Database Administrator,66.67
6,5,Very Good,Database Administrator,83.33
9,8,Very Good,Database Administrator,88.89
1,1,Excellent,Data Analyst,100
4,8,can't predict,Database Administrator,200
1,8,can't predict,Data Analyst,800
10,5,Average,Full Stack Developer,50
7,8,can't predict,Database Administrator,114.29
7,0,Needs Improvement,Data Analyst,0
7,5,Good,Cybersecurity Analyst,71.43
8,8,Excellent,Full Stack Developer,100
4,2,Average,Full Stack Developer,50
9,8,Very Good,Artificial Intelligence (AI) Engineer,88.89
8,3,Poor,Database Administrator,37.5
4,0,Needs Improvement,Cybersecurity Analyst,0
10,0,Needs Improvement,Full Stack Developer,0
8,5,Above Average,Full Stack Developer,62.5
6,10,can't predict,Cybersecurity Analyst,166.67
3,8,can't predict,Data Analyst,266.67
1,9,can't predict,Database Administrator,900
1,8,can't predict,Database Administrator,800
3,3,Excellent,Artificial Intelligence (AI) Engineer,100
10,5,Average,Cybersecurity Analyst,50
9,6,Above Average,Data Analyst,66.67
1,4,can't predict,Data Analyst,400
5,4,Very Good,Artificial Intelligence (AI) Engineer,80
1,0,Needs Improvement,Cybersecurity Analyst,0
10,6,Above Average,Data Analyst,60
1,1,Excellent,Data Analyst,100
4,0,Needs Improvement,Full Stack Developer,0
2,3,can't predict,Data Analyst,150
9,0,Needs Improvement,Artificial Intelligence (AI) Engineer,0
6,8,can't predict,Full Stack Developer,133.33
2,3,can't predict,Database Administrator,150
3,0,Needs Improvement,Artificial Intelligence (AI) Engineer,0
8,1,Extremely Poor,Data Analyst,12.5
7,6,Very Good,Full Stack Developer,85.71
2,4,can't predict,Artificial Intelligence (AI) Engineer,200
10,0,Needs Improvement,Data Analyst,0
10,5,Average,Data Analyst,50
8,3,Poor,Full Stack Developer,37.5
10,5,Average,Artificial Intelligence (AI) Engineer,50
2,2,Excellent,Data Analyst,100
4,3,Good,Cybersecurity Analyst,75
1,0,Needs Improvement,Full Stack Developer,0
2,10,can't predict,Full Stack Developer,500
10,6,Above Average,Full Stack Developer,60
5,6,can't predict,Data Analyst,120
10,7,Good,Full Stack Developer,70
6,4,Above Average,Data Analyst,66.67
6,10,can't predict,Database Administrator,166.67
8,4,Average,Artificial Intelligence (AI) Engineer,50
5,9,can't predict,Data Analyst,180
10,2,Very Poor,Data Analyst,20
4,10,can't predict,Database Administrator,250
5,5,Excellent,Artificial Intelligence (AI) Engineer,100
2,1,Average,Data Analyst,50
9,4,Below Average,Database Administrator,44.44
4,3,Good,Artificial Intelligence (AI) Engineer,75
5,5,Excellent,Data Analyst,100
1,4,can't predict,Full Stack Developer,400
10,3,Poor,Data Analyst,30
7,3,Below Average,Full Stack Developer,42.86
9,10,can't predict,Data Analyst,111.11
10,9,Excellent,Data Analyst,90
2,10,can't predict,Data Analyst,500
10,1,Extremely Poor,Full Stack Developer,10
6,0,Needs Improvement,Database Administrator,0
8,0,Needs Improvement,Full Stack Developer,0
4,7,can't predict,Database Administrator,175
8,0,Needs Improvement,Database Administrator,0
7,2,Very Poor,Data Analyst,28.57
5,1,Very Poor,Artificial Intelligence (AI) Engineer,20
6,0,Needs Improvement,Data Analyst,0
9,9,Excellent,Data Analyst,100
5,3,Above Average,Database Administrator,60
5,10,can't predict,Full Stack Developer,200
3,6,can't predict,Database Administrator,200
6,3,Average,Database Administrator,50
2,7,can't predict,Artificial Intelligence (AI) Engineer,350
2,10,can't predict,Database Administrator,500
6,2,Poor,Data Analyst,33.33
4,0,Needs Improvement,Full Stack Developer,0
8,10,can't predict,Database Administrator,125
1,9,can't predict,Data Analyst,900
9,4,Below Average,Cybersecurity Analyst,44.44
9,5,Average,Cybersecurity Analyst,55.56
7,0,Needs Improvement,Full Stack Developer,0
2,6,can't predict,Full Stack Developer,300
7,4,Average,Database Administrator,57.14
8,2,Very Poor,Cybersecurity Analyst,25
4,4,Excellent,Full Stack Developer,100
9,9,Excellent,Cybersecurity Analyst,100
2,10,can't predict,Full Stack Developer,500
1,3,can't predict,Database Administrator,300
6,7,can't predict,Full Stack Developer,116.67
7,6,Very Good,Artificial Intelligence (AI) Engineer,85.71
5,6,can't predict,Data Analyst,120
5,10,can't predict,Full Stack Developer,200
5,6,can't predict,Full Stack Developer,120
7,7,Excellent,Data Analyst,100
7,6,Very Good,Artificial Intelligence (AI) Engineer,85.71
8,1,Extremely Poor,Cybersecurity Analyst,12.5
1,3,can't predict,Full Stack Developer,300
2,3,can't predict,Data Analyst,150
10,1,Extremely Poor,Database Administrator,10
8,1,Extremely Poor,Cybersecurity Analyst,12.5
3,0,Needs Improvement,Artificial Intelligence (AI) Engineer,0
7,3,Below Average,Artificial Intelligence (AI) Engineer,42.86
1,7,can't predict,Full Stack Developer,700
7,3,Below Average,Cybersecurity Analyst,42.86
9,8,Very Good,Cybersecurity Analyst,88.89
7,2,Very Poor,Artificial Intelligence (AI) Engineer,28.57
4,10,can't predict,Data Analyst,250
4,9,can't predict,Artificial Intelligence (AI) Engineer,225
7,3,Below Average,Full Stack Developer,42.86
1,10,can't predict,Full Stack Developer,1000
4,1,Very Poor,Cybersecurity Analyst,25
6,10,can't predict,Cybersecurity Analyst,166.67
2,8,can't predict,Artificial Intelligence (AI) Engineer,400
7,0,Needs Improvement,Database Administrator,0
9,0,Needs Improvement,Database Administrator,0
3,7,can't predict,Data Analyst,233.33
5,8,can't predict,Database Administrator,160
4,6,can't predict,Full Stack Developer,150
10,8,Very Good,Artificial Intelligence (AI) Engineer,80
8,2,Very Poor,Data Analyst,25
6,9,can't predict,Full Stack Developer,150
5,2,Below Average,Data Analyst,40
10,9,Excellent,Database Administrator,90
7,0,Needs Improvement,Database Administrator,0
2,0,Needs Improvement,Data Analyst,0
4,8,can't predict,Artificial Intelligence (AI) Engineer,200
8,9,can't predict,Cybersecurity Analyst,112.5
1,4,can't predict,Artificial Intelligence (AI) Engineer,400
9,1,Extremely Poor,Full Stack Developer,11.11
1,2,can't predict,Artificial Intelligence (AI) Engineer,200
4,2,Average,Data Analyst,50
6,0,Needs Improvement,Artificial Intelligence (AI) Engineer,0
7,10,can't predict,Full Stack Developer,142.86
8,4,Average,Full Stack Developer,50
10,3,Poor,Full Stack Developer,30
4,9,can't predict,Data Analyst,225
3,7,can't predict,Data Analyst,233.33
6,8,can't predict,Artificial Intelligence (AI) Engineer,133.33
10,3,Poor,Database Administrator,30
2,7,can't predict,Full Stack Developer,350
9,3,Poor,Full Stack Developer,33.33
8,0,Needs Improvement,Artificial Intelligence (AI) Engineer,0
4,2,Average,Full Stack Developer,50
2,6,can't predict,Full Stack Developer,300
3,4,can't predict,Database Administrator,133.33
4,7,can't predict,Data Analyst,175
1,6,can't predict,Data Analyst,600
4,4,Excellent,Full Stack Developer,100
6,7,can't predict,Data Analyst,116.67
3,6,can't predict,Data Analyst,200
4,4,Excellent,Full Stack Developer,100
1,3,can't predict,Full Stack Developer,300
5,4,Very Good,Data Analyst,80
2,1,Average,Data Analyst,50
7,4,Average,Data Analyst,57.14
6,8,can't predict,Artificial Intelligence (AI) Engineer,133.33
6,9,can't predict,Full Stack Developer,150
2,2,Excellent,Cybersecurity Analyst,100
1,3,can't predict,Data Analyst,300
8,9,can't predict,Data Analyst,112.5
7,8,can't predict,Cybersecurity Analyst,114.29
2,4,can't predict,Database Administrator,200
5,7,can't predict,Artificial Intelligence (AI) Engineer,140
7,9,can't predict,Artificial Intelligence (AI) Engineer,128.57
9,10,can't predict,Data Analyst,111.11
1,0,Needs Improvement,Database Administrator,0
9,10,can't predict,Database Administrator,111.11
9,8,Very Good,Artificial Intelligence (AI) Engineer,88.89
9,0,Needs Improvement,Data Analyst,0
3,3,Excellent,Data Analyst,100
7,8,can't predict,Full Stack Developer,114.29
2,5,can't predict,Database Administrator,250
3,4,can't predict,Artificial Intelligence (AI) Engineer,133.33
4,7,can't predict,Database Administrator,175
6,2,Poor,Database Administrator,33.33
6,8,can't predict,Database Administrator,133.33
3,2,Above Average,Data Analyst,66.67
2,4,can't predict,Data Analyst,200
7,4,Average,Database Administrator,57.14
5,3,Above Average,Database Administrator,60
7,4,Average,Full Stack Developer,57.14
1,2,can't predict,Cybersecurity Analyst,200
3,5,can't predict,Cybersecurity Analyst,166.67
3,6,can't predict,Database Administrator,200
9,6,Above Average,Data Analyst,66.67
3,5,can't predict,Database Administrator,166.67
1,3,can't predict,Data Analyst,300
9,4,Below Average,Database Administrator,44.44
9,5,Average,Data Analyst,55.56
4,6,can't predict,Data Analyst,150
8,7,Very Good,Cybersecurity Analyst,87.5
6,0,Needs Improvement,Data Analyst,0
3,3,Excellent,Cybersecurity Analyst,100
3,7,can't predict,Artificial Intelligence (AI) Engineer,233.33
6,10,can't predict,Artificial Intelligence (AI) Engineer,166.67
4,0,Needs Improvement,Full Stack Developer,0
8,0,Needs Improvement,Artificial Intelligence (AI) Engineer,0
5,4,Very Good,Full Stack Developer,80
5,7,can't predict,Data Analyst,140
5,2,Below Average,Data Analyst,40
4,3,Good,Cybersecurity Analyst,75
10,0,Needs Improvement,Database Administrator,0
4,2,Average,Cybersecurity Analyst,50
2,7,can't predict,Artificial Intelligence (AI) Engineer,350
9,0,Needs Improvement,Data Analyst,0
8,10,can't predict,Full Stack Developer,125
8,9,can't predict,Full Stack Developer,112.5
3,6,can't predict,Database Administrator,200
8,0,Needs Improvement,Database Administrator,0
7,7,Excellent,Artificial Intelligence (AI) Engineer,100
10,8,Very Good,Artificial Intelligence (AI) Engineer,80
8,10,can't predict,Database Administrator,125
5,4,Very Good,Database Administrator,80
9,1,Extremely Poor,Cybersecurity Analyst,11.11
3,6,can't predict,Data Analyst,200
